entry_date,exit_date,ticker,company_name,asset_type,exchange,entry_price,exit_price,cash_amount,shares,entry_cash,exit_cash,dividend_cash,pnl,trade_return_pct,holding_days,event_yield_real_pct,event_expected_tae_pct,event_trend_adjusted_tae_pct,recovery_rate_pct,success_30d_pct,avg_forced_30d_total_return_pct,worst_forced_30d_total_return_pct,median_recovery_days,capture_score,trend_adjusted_capture_score,trend_risk_score,trend_score_multiplier,trend_return_3m_pct,trend_return_6m_pct,trend_vs_sma200_pct,trend_drawdown_6m_pct,trend_cluster,capture_cluster,entry_ts,exit_ts,rank_by,capital_after_close,capital_after
2024-12-31,2025-01-06,STT,STATE STREET CORP,Stock,NYSE,98.1500015258789,98.43000030517578,0.76,5.094243425642398,500.0,505.2980069441092,3.871625003488223,5.298006944109204,1.0596013888218407,6.0,0.7743250006976445,141.31431262732013,139.84041284453858,100.0,100.0,5.803454329097207,-0.7483528586071128,2.0,89.84884168121383,88.91172366552946,1.0429939865104654,0.9895700601348953,32.53882194806159,32.26156118907657,28.54799848809946,-1.7383233108507756,Tendencia sana,Rapido y rentable,2024-12-31,2025-01-06,success_30d_pct,505.2980069441092,505.2980069441092
2024-12-31,2025-01-02,WWW,WOLVERINE WORLD WIDE INC /DE/,Stock,NYSE,22.200000762939453,22.610000610351562,0.1,22.52252174849908,500.0,511.48648265507046,2.2522521748499083,11.48648265507046,2.297296531014092,2.0,0.4504504349699816,109.60960584269553,71.03658994105022,100.0,100.0,2.981344752894676,-15.634115209554983,1.5,88.7670018432973,57.52876366774178,35.19127325118088,0.6480872674881912,3.416934398028504,-9.417893088756967,-12.756598626724468,-17.442436350590928,Riesgo moderado,Rapido y rentable,2024-12-31,2025-01-02,success_30d_pct,511.48648265507046,511.48648265507046
2025-01-02,2025-01-15,TIGO,Millicom International Cellular S.A. Common Stock,Other Unmatched,,25.1299991607666,26.90999984741211,1.0,20.35362115943132,511.48648265507046,568.069563454012,20.35362115943132,56.58308079894158,11.062478231140144,13.0,3.979307733369198,264.0813313963195,256.5450029005181,100.0,100.0,12.674717017647248,1.5259633659505747,5.5,90.0233550174005,87.45427687727592,2.853790707564736,0.9714620929243526,12.142137422218791,57.9310322962191,36.201008344884286,-4.756317845941227,Tendencia sana,Rapido y rentable,2025-01-02,2025-01-15,success_30d_pct,568.069563454012,568.069563454012
2025-01-06,2025-01-14,LSTR,LANDSTAR SYSTEM INC,Stock,Nasdaq,169.86000061035156,171.47000122070312,2.0,2.974791034548692,505.2980069441092,516.0370043944984,5.949582069097384,10.73899745038915,2.1252799937477262,8.0,1.177440240676719,214.8828439235012,204.92865236188553,100.0,100.0,4.3134720353465585,-6.922124442118219,2.0,89.52745294028212,85.38020041737545,4.632380780086565,0.9536761921991344,27.37796029799078,41.68824291476763,32.29951057840941,-7.720634633477608,Tendencia sana,Rapido y rentable,2025-01-06,2025-01-14,success_30d_pct,516.0370043944984,516.0370043944984
2025-01-14,2025-01-21,GREEL,Greenidge Generation Holdings Inc. 8.50% Senior Notes due 2026,Note/Bond,,10.126999855041504,10.25,0.53125,50.95655295557259,516.0370043944984,549.375336552267,27.070668757647937,33.338332157768605,6.4604537802258495,7.0,5.245877432648811,182.35669170636342,180.89784188276892,100.0,100.0,10.947684796642038,2.0168888971759773,10.5,92.41971280492102,91.68035698276552,0.7999979654947942,0.9920000203450521,13.846157758663868,19.59274412223635,21.174545920507292,-1.3333299424913236,Tendencia sana,Rapido y rentable,2025-01-14,2025-01-21,success_30d_pct,549.375336552267,549.375336552267
2025-01-15,2025-01-21,CMC,COMMERCIAL METALS Co,Stock,NYSE,51.61000061035156,51.68000030517578,0.18,11.006966803640625,568.069563454012,570.8213017958625,1.9812540246553123,2.751738341850455,0.48440165058644646,6.0,0.34876961416640034,21.216818195122688,12.289069029018654,100.0,100.0,3.7340414988675596,-3.789519908209364,6.0,87.96717801286648,50.951783295036954,42.07864291431003,0.5792135708568997,-0.8253797194916479,-14.639924783671754,-9.402655436124974,-26.35500606473149,Riesgo moderado,Rapido defensivo,2025-01-15,2025-01-21,success_30d_pct,1120.1966383481295,1120.1966383481295
2025-01-21,2025-01-22,DELL,Dell Technologies Inc.,Stock,NYSE,111.55000305175781,115.12000274658203,0.445,5.021051580914669,560.0983191740647,580.2578397391337,2.2343679535070278,20.159520565068988,3.599282460764519,1.0,0.3989242383019259,145.60734698020295,139.03289157075426,100.0,100.0,6.915528599621276,-18.911881238385902,1.0,89.04309499600672,85.02262577030106,4.5151948344629655,0.9548480516553703,147.11533009109945,237.16352012852724,132.32557031141744,-7.525324724104943,Tendencia sana,Rapido y rentable,2025-01-21,2025-01-22,success_30d_pct,1148.4876778624102,1148.4876778624102
2025-01-21,2025-01-22,DNUT,"Krispy Kreme, Inc.",Stock,Nasdaq,8.609999656677246,8.699999809265137,0.035,65.05207218442756,560.0983191740647,568.2298381232766,2.2768225264549646,8.131518949211909,1.4518020623955548,1.0,0.40650408124995363,148.37398965623308,118.75567925440568,100.0,100.0,-11.41538025106647,-30.902779419664917,1.0,90.30834461712064,72.28105702485287,19.96192895429307,0.8003807104570693,8.235293045175961,-9.803918245800213,0.9159233884165952,-16.9300178474881,Tendencia sana,Rapido y rentable,2025-01-21,2025-01-22,success_30d_pct,568.2298381232766,568.2298381232766
2025-01-22,2025-01-23,CVS,CVS HEALTH Corp,Stock,NYSE,52.9900016784668,53.81999969482422,0.665,10.836833756217013,574.2438389312051,590.4448839003447,7.206494447884314,16.201044969139616,2.82128320249693,1.0,1.254953725110433,458.05810966530805,457.4016151684072,100.0,100.0,7.853617833352987,-5.074236753909281,1.0,90.43488966932073,90.30527727704342,0.14332122563674776,0.9985667877436325,42.07376064380506,30.300770299422087,28.245760371692064,-0.2388687093945796,Tendencia sana,Rapido y rentable,2025-01-22,2025-01-23,success_30d_pct,590.4448839003447,590.4448839003447
2025-01-22,2025-01-23,VSEC,VSE CORP,Stock,Nasdaq,105.7300033569336,106.95999908447266,0.1,5.4312287969254776,574.2438389312051,581.4673500264031,0.5431228796925478,7.223511095197978,1.2579170389781684,1.0,0.0945805323228926,34.521894297855795,34.521894297855795,100.0,100.0,3.5454973418069264,-19.39908935920979,1.0,89.47759587384172,89.47759587384172,0.0,1.0,24.358424337295006,26.94407332566522,22.784214638758993,0.0,Tendencia sana,Rapido y rentable,2025-01-22,2025-01-23,success_30d_pct,1171.9122339267478,1171.9122339267478
2025-01-23,2025-01-24,LKFN,LAKELAND FINANCIAL CORP,Stock,Nasdaq,67.33000183105469,69.22000122070312,0.5,8.70274916126785,585.9561169633739,606.7556821470675,4.351374580633925,20.79956518369363,3.5496796742193135,1.0,0.7426110001520666,108.42120602220173,108.42120602220173,100.0,100.0,1.8453633584456213,-3.3146410649145226,2.5,89.84532031475203,89.84532031475203,0.0,1.0,8.615794540348997,11.809244864245837,5.553986935231103,0.0,Tendencia sana,Rapido y rentable,2025-01-23,2025-01-24,success_30d_pct,606.7556821470675,606.7556821470675
2025-01-23,2025-01-29,OVBC,OHIO VALLEY BANC CORP,Stock,Nasdaq,23.18000030517578,23.5,0.22,25.27852067510706,585.9561169633739,599.6065104135395,5.561274548523554,13.650393450165552,2.329593130780268,6.0,0.9490940340966129,23.890987754845767,21.44165068774187,100.0,100.0,4.5743356186031745,-13.942558227669702,14.5,85.09043107823067,76.36684254206864,10.252138137767464,0.8974786186223254,-1.671933781817403,10.093604355375007,4.497574543261518,-13.1857180720385,Tendencia sana,Rapido defensivo,2025-01-23,2025-01-29,success_30d_pct,599.6065104135395,599.6065104135395
2025-01-24,2025-01-27,CAG,CONAGRA BRANDS INC.,Stock,NYSE,25.780000686645508,26.209999084472656,0.35,23.535906360986935,606.7556821470675,625.1136514000472,8.237567226345426,18.357969252979615,3.025594945896188,3.0,1.3576415464616574,141.5826184167157,48.842624222358246,100.0,100.0,0.1681713521995111,-4.907979987583903,3.5,90.05724593375281,31.067600464178675,65.50238668520646,0.3449761331479354,-10.209926645338419,-18.410402349148015,-14.831739193820558,-29.495507250878074,Tendencia bajista relevante,Rapido y rentable,2025-01-24,2025-01-27,success_30d_pct,625.1136514000472,625.1136514000472
2025-01-27,2025-01-28,CRS,CARPENTER TECHNOLOGY CORP,Stock,NYSE,199.33999633789062,206.1699981689453,0.2,3.1359168399925634,625.1136514000472,647.1591525272302,0.6271833679985127,22.045501127183,3.52663888843387,1.0,0.10033109444879824,36.62084947381136,36.32448180383918,100.0,100.0,14.932736661968834,-3.3274036049717264,1.0,89.59782803252912,88.87272471269603,0.8092867157112904,0.9919071328428871,55.42898121443605,79.85459186549679,64.09749107496823,-1.3488111928521507,Tendencia sana,Rapido y rentable,2025-01-27,2025-01-28,success_30d_pct,647.1591525272302,647.1591525272302
2025-01-28,2025-01-29,CALM,CAL-MAINE FOODS INC,Stock,Nasdaq,111.20999908447266,112.37999725341797,1.489,5.81925328527035,647.1591525272302,662.632536357393,8.664868141767553,15.473383830162788,2.390970408088561,1.0,1.3389083825717762,75.18485532903051,69.79900967107804,100.0,100.0,-1.9374537103374962,-18.83014160378642,6.5,88.99509499520231,82.61995675943177,7.163471465606299,0.928365285343937,5.127910562784588,4.632210103429979,-1.6646285062619448,-8.609862096819942,Tendencia sana,Rapido y rentable,2025-01-28,2025-01-29,success_30d_pct,1262.2390467709324,1262.2390467709324
2025-01-29,2025-02-14,BMO,BANK OF MONTREAL /CAN/,Stock,NYSE,100.91000366210938,101.05000305175781,1.103,6.254281047285749,631.1195233854662,638.8935909099322,6.898471995156181,7.774067524465977,1.2317900550380918,16.0,1.0930531760689695,44.32937880724154,44.32937880724154,100.0,100.0,7.2407318151935325,2.9858249166293427,9.0,87.20655235437654,87.20655235437654,0.0,1.0,30.382441964124208,34.35703420381149,26.607674297639395,0.0,Tendencia sana,Rapido y rentable,2025-01-29,2025-02-14,success_30d_pct,638.8935909099322,638.8935909099322
2025-01-29,2025-02-04,VLO,VALERO ENERGY CORP/TX,Stock,NYSE,139.47999572753906,142.99000549316406,1.13,4.524803145379344,631.1195233854662,652.1146541675571,5.113027554278657,20.995130782090882,3.3266489157978043,6.0,0.8101520179333441,23.65643892365365,23.65643892365365,100.0,100.0,1.8059555037173516,-9.14434367534496,12.5,85.51034779304474,85.51034779304474,0.0,1.0,9.21586113920374,61.26368361997445,30.16576696864053,0.0,Tendencia sana,Rapido defensivo,2025-01-29,2025-02-04,success_30d_pct,652.1146541675571,652.1146541675571
2025-02-04,2025-02-05,NFBK,"Northfield Bancorp, Inc.",Stock,Nasdaq,11.899999618530273,12.069999694824219,0.13,54.799552527052725,652.1146541675571,668.554524106547,7.1239418285168545,16.439869938989887,2.5210091253011093,1.0,1.0924370098093823,265.8263390536163,265.4007335732682,100.0,100.0,4.31799005426774,-3.6055914647342613,1.5,89.84325949145718,89.69941451451457,0.1601065875801977,0.998398934124198,10.250732644798322,31.950572903225382,18.272508049508662,-0.2668443126336628,Tendencia sana,Rapido y rentable,2025-02-04,2025-02-05,success_30d_pct,668.554524106547,668.554524106547
2025-02-05,2025-02-06,HFWA,HERITAGE FINANCIAL CORP /WA/,Stock,Nasdaq,25.670000076293945,25.770000457763672,0.24,26.044196420706367,668.554524106547,677.4095608246596,6.250607140969528,8.855036718112615,1.3245047933743987,1.0,0.9349435110506222,136.50175261339083,136.50175261339083,100.0,100.0,3.2880637484952646,-5.921309794952221,2.5,89.8600246765737,89.8600246765737,0.0,1.0,15.90038144779744,27.63712669285234,18.099476646329805,0.0,Tendencia sana,Rapido y rentable,2025-02-05,2025-02-06,success_30d_pct,677.4095608246596,677.4095608246596
2025-02-06,2025-02-18,SUN,Sunoco LP,Stock,NYSE,57.880001068115234,57.97999954223633,0.887,11.703689501101772,677.4095608246596,688.9610845038342,10.381172587477272,11.55152367917458,1.7052495782775896,12.0,1.5324809668820616,101.701009620355,98.00766113637162,100.0,100.0,1.810973765253901,-5.578759711611587,5.5,89.03962309138531,85.80608236070213,3.6315750431293266,0.9636842495687067,4.772944190988948,28.63645442804028,14.32115914945793,-6.052625071882211,Tendencia sana,Rapido y rentable,2025-02-06,2025-02-18,success_30d_pct,688.9610845038342,688.9610845038342
2025-02-14,2025-02-28,F,FORD MOTOR CO,Stock,NYSE,9.479999542236328,9.550000190734863,0.3,67.39384195784649,638.8935909099322,663.8293561391432,20.218152587353945,24.93576522921103,3.902960615663202,14.0,3.164557114833258,462.0253387656556,403.2919486022326,100.0,100.0,3.1503078970516056,-15.28571401323591,2.5,90.06957329981438,78.61978700756468,12.712157805096755,0.8728784219490324,18.49137442715827,3.0359799725536263,4.933475801866072,-21.18692967516126,Tendencia sana,Rapido y rentable,2025-02-14,2025-02-28,success_30d_pct,663.8293561391432,663.8293561391432
2025-02-18,2025-02-19,GOOD,GLADSTONE COMMERCIAL CORP,Stock,Nasdaq,16.040000915527344,16.059999465942383,0.1,42.952683614680666,688.9610845038342,694.1153442740317,4.295268361468067,5.154259770197541,0.7481205957967074,1.0,0.623441360924089,53.72852284074961,52.5638911806646,94.44444444444444,88.88888888888889,0.166201435443336,-9.23913005651927,4.0,85.10876169927187,83.26392485684845,2.167622704865646,0.9783237729513435,6.355554733203905,15.325298840786328,5.281875969164651,-3.61270450810941,Tendencia sana,Rapido y rentable,2025-02-18,2025-02-19,success_30d_pct,694.1153442740317,694.1153442740317
2025-02-19,2025-02-20,AUDC,AudioCodes Ltd. Common Stock,Other Unmatched,,11.430000305175781,11.569999694824219,0.18,60.72750006487047,694.1153442740317,713.5481072296658,10.930950011676684,19.432762955634075,2.799644629086626,1.0,1.5748031075597753,114.9606268518636,113.46319807255112,100.0,100.0,3.767687647874182,-11.898512034485131,5.0,88.33187640399997,87.1813025294467,1.302557945549505,0.9869744205445049,14.339834559952669,13.947367215033047,12.354665693815537,-2.170929909249175,Tendencia sana,Rapido y rentable,2025-02-19,2025-02-20,success_30d_pct,713.5481072296658,713.5481072296658
2025-02-20,2025-02-27,PDM,"Piedmont Realty Trust, Inc.",Stock,NYSE,7.269999980926514,7.420000076293945,0.125,98.14967112815987,713.5481072296658,740.5392761501918,12.268708891019983,26.99116892052598,3.782669822406029,7.0,1.7193947775508738,89.65415625800985,89.62578945027758,100.0,100.0,3.9202179939454145,3.9202179939454145,7.0,74.61939477755088,74.59578500737288,0.03164025954428551,0.9996835974045571,44.435982684705166,14.294335646194888,15.826698518888872,-0.052733765907142516,Tendencia sana,Rapido y rentable,2025-02-20,2025-02-27,success_30d_pct,740.5392761501918,740.5392761501918
2025-02-27,2025-03-07,SOHOB,SOTHERLY HOTELS LP,Stock,Nasdaq,17.25,17.290000915527344,0.5,42.92981311015605,740.5392761501918,763.7214145330939,21.464906555078024,23.182138382902167,3.130440090013606,8.0,2.898550724637681,75.56935817805382,15.113871635610764,100.0,100.0,2.6417277467055165,2.095054119146994,14.0,87.52150511880603,17.504301023761208,100.0,0.2,-33.39694559237224,-48.31160654469202,-42.11810989632965,-53.20209824728319,Tendencia bajista fuerte,Rapido y rentable,2025-02-27,2025-03-07,success_30d_pct,763.7214145330939,763.7214145330939
2025-02-28,2025-03-19,DK,"Delek US Holdings, Inc.",Stock,NYSE,16.299999237060547,17.1299991607666,0.255,40.7257292767122,663.8293561391432,708.0167692972494,10.385060965561612,44.18741315810621,6.656441561292481,19.0,1.564417251138383,190.3374322218366,190.3374322218366,100.0,100.0,12.138165959616027,-13.384019300544923,3.0,89.13658931095067,89.13658931095067,0.0,1.0,15.681922037993946,74.88247357364688,36.128574003800985,0.0,Tendencia sana,Rapido y rentable,2025-02-28,2025-03-19,success_30d_pct,708.0167692972494,708.0167692972494
2025-03-07,2025-03-10,CRI,CARTERS INC,Stock,NYSE,41.529998779296875,43.959999084472656,0.8,18.38963248209429,763.7214145330939,823.119933062329,14.711705985675431,59.39851852923505,7.777511197004829,3.0,1.926318380723883,200.88748827549065,192.5477378691875,100.0,100.0,2.7921493808566553,-11.870935918962711,3.5,89.70925559857842,85.9850176818725,4.151453372181286,0.9584854662781871,15.009744952802805,24.39758520476594,18.597730620340247,-6.919088953635477,Tendencia sana,Rapido y rentable,2025-03-07,2025-03-10,success_30d_pct,823.119933062329,823.119933062329
2025-03-10,2025-03-12,GNK,GENCO SHIPPING & TRADING LTD,Stock,NYSE,13.819999694824219,14.130000114440918,0.3,59.56005435879994,823.119933062329,859.4515912135904,17.86801630763998,36.33165815126142,4.413896042596539,2.0,2.170767052276811,113.18999629729086,107.94847982315672,100.0,100.0,2.037812829543147,-7.380605769522722,7.0,88.09297875858802,84.0136359321607,4.630724132517345,0.9536927586748265,3.3498736795673167,35.520602209110976,19.74727931005873,-7.717873554195576,Tendencia sana,Rapido y rentable,2025-03-10,2025-03-12,success_30d_pct,859.4515912135904,859.4515912135904
2025-03-12,2025-03-17,CCOI,"COGENT COMMUNICATIONS HOLDINGS, INC.",Stock,Nasdaq,69.94000244140625,70.91000366210938,1.005,12.288412370783295,859.4515912135904,883.7212206463909,12.34985443263721,24.269629432800457,2.8238506602251414,5.0,1.4369459035148882,349.65683652195617,69.93136730439123,100.0,100.0,0.1436501904558348,-24.599660135247756,1.5,90.43186770911335,18.08637354182267,99.96315705148797,0.2,-24.9736836082057,-30.86809149242069,-41.280238428870305,-48.46348447910557,Tendencia bajista fuerte,Rapido y rentable,2025-03-12,2025-03-17,success_30d_pct,883.7212206463909,883.7212206463909
2025-03-17,2025-03-19,HBAN,HUNTINGTON BANCSHARES INC /MD/,Stock,Nasdaq,14.899999618530273,14.970000267028809,0.155,59.31015055512871,883.7212206463909,897.0660429838405,9.19307333604495,13.344822337449614,1.5100715050939537,2.0,1.0402684830087876,108.48514179948786,104.58372788274575,100.0,100.0,0.4451192960069788,-10.929434229849186,3.5,89.51492322622923,86.29572876846282,3.596265674753021,0.9640373432524698,14.724508010652881,3.6327245166540623,8.369063801763609,-5.9937761245883685,Tendencia sana,Rapido y rentable,2025-03-17,2025-03-19,success_30d_pct,1605.08281228109,1605.08281228109
2025-03-19,2025-04-04,RKT,"Rocket Companies, Inc.",Stock,NYSE,14.899999618530273,15.399999618530273,0.8,53.86184071726219,802.541406140545,872.5617990729859,43.08947257380976,70.02039293244093,8.724832438138227,16.0,5.369127654238904,122.48322461232499,71.84570234898415,100.0,100.0,-17.114090557587144,-17.114090557587144,16.0,75.56912765423891,44.3270257572277,41.34241437847105,0.5865758562152895,7.185827583716309,-19.341043640196133,-5.8344756152290955,-31.59129913792563,Riesgo moderado,Rapido y rentable,2025-03-19,2025-04-04,success_30d_pct,872.5617990729859,872.5617990729859
2025-03-19,2025-03-31,SRE,SEMPRA,Stock,NYSE,71.08999633789062,71.36000061035156,0.645,11.289090553979875,802.541406140545,812.870972229635,7.28146340731702,10.329566089090008,1.2871069343032806,12.0,0.9073006516054891,132.46589513440142,113.99037345822143,100.0,100.0,1.89474231714489,-0.7570371885455912,2.5,88.84583164994207,76.4541659550001,13.947379933102422,0.8605262006689758,-6.819556046133846,3.037563818895128,1.0596557805429896,-7.3333357808583965,Tendencia sana,Rapido y rentable,2025-03-19,2025-03-31,success_30d_pct,812.870972229635,812.870972229635
2025-03-31,2025-04-02,STT,STATE STREET CORP,Stock,NYSE,89.52999877929688,89.58999633789062,0.76,9.079314009971874,812.870972229635,820.3159875515179,6.900278647578625,7.44501532188292,0.9158913992785208,2.0,0.8488774828127712,154.92014061333074,153.30433286284014,100.0,100.0,5.803454329097207,-0.7483528586071128,2.0,89.84884168121383,88.91172366552946,1.0429939865104654,0.9895700601348953,32.53882194806159,32.26156118907657,28.54799848809946,-1.7383233108507756,Tendencia sana,Rapido y rentable,2025-03-31,2025-04-02,success_30d_pct,820.3159875515179,820.3159875515179
2025-04-02,2025-05-02,SEEM,SEI Select Emerging Markets Equity ETF,ETF/Fund,,24.836999893188477,25.368999481201172,0.144483,33.02798208637464,820.3159875515179,842.6588423501456,4.771981935785668,22.34285479862774,2.7236888147598797,30.0,0.5817248484976011,30.33279567166063,29.26418214694067,100.0,100.0,5.591952964032298,0.49452008144797494,7.0,87.01660471570318,83.95104090546438,3.5229641747738527,0.9647703582522614,19.92035001030068,22.51744716961106,15.394361712006098,-5.871606957956422,Tendencia sana,Rapido y rentable,2025-04-02,2025-05-02,success_30d_pct,842.6588423501456,842.6588423501456
2025-04-04,2025-04-09,PFBC,Preferred Bank Common Stock,Preferred,,76.01000213623047,79.38999938964844,0.75,11.479565511774613,872.5617990729859,919.9723731070467,8.60967413383096,47.4105740340608,5.433491826530801,5.0,0.9867122469695465,90.03749253597113,90.03749253597113,100.0,100.0,2.6314567160956712,-6.0763701514527275,4.0,88.84218385215829,88.84218385215829,0.0,1.0,18.30243926436541,12.44527257470509,15.630043109574366,0.0,Tendencia sana,Rapido y rentable,2025-04-04,2025-04-09,success_30d_pct,919.9723731070467,919.9723731070467
2025-04-09,2025-04-17,SFD,SMITHFIELD FOODS INC,Stock,Nasdaq,19.93000030517578,20.3700008392334,0.25,46.16017857601997,919.9723731070467,951.8229209766954,11.540044644004993,31.85054786964872,3.462120037591894,8.0,1.2543903470742823,130.81499333774659,90.73703486450908,100.0,100.0,3.4020822454645265,-8.110685785156566,3.5,88.93245296114736,61.68610247976447,30.63712916283353,0.6936287083716647,-14.258018881339051,9.819418428294746,0.46640244768096917,-17.793171214931437,Riesgo moderado,Rapido y rentable,2025-04-09,2025-04-17,success_30d_pct,951.8229209766954,951.8229209766954
2025-04-17,2025-04-23,BK,Bank of New York Mellon Corp,Stock,NYSE,76.33999633789062,77.7300033569336,0.47,12.468207579730617,951.8229209766954,975.013874589879,5.86005756247339,23.190953613183638,2.436477742034902,6.0,0.6156667835294616,64.20525028235814,63.22968376668778,100.0,100.0,4.753427006634083,-3.419869678159281,3.5,89.12484003569179,87.77063287551522,1.5194497511964644,0.9848055024880353,25.20494764822225,22.209922590255736,18.939615972034886,-2.5324162519941074,Tendencia sana,Rapido y rentable,2025-04-17,2025-04-23,success_30d_pct,975.013874589879,975.013874589879
2025-04-23,2025-04-24,AZZ,AZZ INC,Stock,NYSE,81.62999725341797,84.72000122070312,0.17,11.944308555627861,975.013874589879,1013.952367867704,2.0305324544567367,38.93849327782493,3.9936347874232734,1.0,0.20825677535212936,76.01372300352722,73.1975563704347,100.0,100.0,4.895524417861439,-1.825511395224761,1.0,89.45637330226765,86.1421815529749,3.7048134492265827,0.9629518655077342,18.91122174813351,36.94186413768061,21.92307023240754,-6.1746890820443046,Tendencia sana,Rapido y rentable,2025-04-23,2025-04-24,success_30d_pct,1013.952367867704,1013.952367867704
2025-04-24,2025-04-28,LKFN,LAKELAND FINANCIAL CORP,Stock,Nasdaq,54.59000015258789,54.84000015258789,0.5,18.573957959947663,1013.952367867704,1027.8828363376647,9.286978979973831,13.930468469960715,1.373877995793418,4.0,0.9159186638622807,133.724124923893,133.724124923893,100.0,100.0,1.8453633584456213,-3.3146410649145226,2.5,89.84532031475203,89.84532031475203,0.0,1.0,8.615794540348997,11.809244864245837,5.553986935231103,0.0,Tendencia sana,Rapido y rentable,2025-04-24,2025-04-28,success_30d_pct,1027.8828363376647,1027.8828363376647
2025-04-28,2025-04-29,BGMS,"Bio Green Med Solution, Inc.",Stock,Nasdaq,69.5999984741211,72.0,36.0,14.76843188035206,1027.8828363376647,1594.9906430780225,531.6635476926741,567.1078067403578,55.172417195033304,1.0,51.7241390650111,18879.31075872905,4605.804148186742,100.0,100.0,-10.560342866751638,-10.560342866751638,1.0,84.7,20.66344562769829,75.60396029787687,0.2439603970212313,-7.574257355626335,-33.794325248773305,-43.71818754582861,-41.65625137602908,Tendencia bajista fuerte,Rapido y rentable,2025-04-28,2025-04-29,success_30d_pct,1594.9906430780225,1594.9906430780225
2025-04-29,2025-05-06,CALM,CAL-MAINE FOODS INC,Stock,Nasdaq,96.83999633789062,96.87000274658203,3.495,16.470370749631574,1594.9906430780225,1653.0488055239973,57.56394576996235,58.05816244597486,3.6400315386135347,7.0,3.6090459853027794,202.6618130208484,188.14419187341954,100.0,100.0,-1.9374537103374962,-18.83014160378642,6.5,88.99509499520231,82.61995675943177,7.163471465606299,0.928365285343937,5.127910562784588,4.632210103429979,-1.6646285062619448,-8.609862096819942,Tendencia sana,Rapido y rentable,2025-04-29,2025-05-06,success_30d_pct,1653.0488055239973,1653.0488055239973
2025-05-02,2025-05-12,PEBO,PEOPLES BANCORP INC,Stock,Nasdaq,29.84000015258789,30.6200008392334,0.41,28.23923719977145,842.6588423501456,876.263554008219,11.578087251906293,33.60471165807337,3.987937937534842,10.0,1.373994631043735,143.28801152313235,143.28801152313235,100.0,100.0,3.1346738336722946,-0.9048267553455938,3.5,89.00413337438927,89.00413337438927,0.0,1.0,17.18469861724632,30.006628921906596,21.946854690410646,0.0,Tendencia sana,Rapido y rentable,2025-05-02,2025-05-12,success_30d_pct,876.263554008219,876.263554008219
2025-05-06,2025-05-08,NFBK,"Northfield Bancorp, Inc.",Stock,Nasdaq,11.300000190734863,11.350000381469727,0.13,146.28750244441332,1653.0488055239973,1679.3805838661185,19.017375317773734,26.331778342121197,1.5929220150142105,2.0,1.1504424584575677,279.9409982246748,279.4927942451793,100.0,100.0,4.31799005426774,-3.6055914647342613,1.5,89.84325949145718,89.69941451451457,0.1601065875801977,0.998398934124198,10.250732644798322,31.950572903225382,18.272508049508662,-0.2668443126336628,Tendencia sana,Rapido y rentable,2025-05-06,2025-05-08,success_30d_pct,1679.3805838661185,1679.3805838661185
2025-05-08,2025-05-13,SUN,Sunoco LP,Stock,NYSE,56.5,57.459999084472656,0.898,29.723550156922453,1679.3805838661185,1734.6069128449576,26.691748040916362,55.22632897883909,3.2884939548188665,5.0,1.5893805309734512,105.47707160096539,101.64659259248107,100.0,100.0,1.810973765253901,-5.578759711611587,5.5,89.03962309138531,85.80608236070213,3.6315750431293266,0.9636842495687067,4.772944190988948,28.63645442804028,14.32115914945793,-6.052625071882211,Tendencia sana,Rapido y rentable,2025-05-08,2025-05-13,success_30d_pct,1734.6069128449576,1734.6069128449576
2025-05-12,2025-05-13,CHY,Calamos Convertible and High Income Fund Common Stock,ETF/Fund,,10.489999771118164,10.5600004196167,0.1,83.53322908746023,876.263554008219,890.4642571242639,8.353322908746023,14.200703116044906,1.620597256508937,1.0,0.9532888673203535,57.991739428654824,57.77458964429082,100.0,100.0,1.7073240368526104,-8.193838373466916,6.0,88.06564414908841,87.73588277574008,0.3744495104016665,0.9962555048959834,19.991136239565698,19.25109596920951,13.901972077240465,-0.6240825173361109,Tendencia sana,Rapido y rentable,2025-05-12,2025-05-13,success_30d_pct,2625.0711699692215,2625.0711699692215
2025-05-13,2025-05-15,PAX,Patria Investments Limited Class A Common Shares,Other Unmatched,,12.520000457763672,12.619999885559082,0.15,104.83510678873061,1312.5355849846108,1338.744301694664,15.725266018309592,26.208716710053295,1.9968004684886762,2.0,1.1980830232876292,32.392615074072935,6.478523014814588,100.0,100.0,2.4142912366284377,-16.71428407941546,13.5,85.8004102456203,17.16008204912406,80.20093492526024,0.2,-12.322270811569325,-30.27637984751994,-19.124796490885988,-36.89596199442521,Tendencia bajista fuerte,Rapido y rentable,2025-05-13,2025-05-15,success_30d_pct,1338.744301694664,1338.744301694664
2025-05-13,2025-05-15,WEC,"WEC ENERGY GROUP, INC.",Stock,NYSE,103.55999755859375,104.91000366210938,0.893,12.674156198603466,1312.5355849846108,1340.9637946949886,11.318021485352896,28.428209710377814,2.165900112392848,2.0,0.8623020674510395,52.45670910327157,50.61283326798005,100.0,100.0,1.7076815886321175,-4.999996272015846,6.0,87.42100642013027,84.3481205302129,3.515042912168742,0.9648495708783126,-1.4415714138699243,8.842867293681023,3.1724304178375906,-2.4947382212514135,Tendencia sana,Rapido y rentable,2025-05-13,2025-05-15,success_30d_pct,2679.7080963896524,2679.7080963896524
2025-05-15,2025-05-16,CCEP,Coca-Cola Europacific Partners plc Ordinary Shares,Other Unmatched,,87.80999755859375,88.30000305175781,0.9,15.258559223860244,1339.8540481948262,1361.0635293337612,13.73270330147422,21.20948113893496,1.5829695157849704,1.0,1.0249402403176804,93.52579692898834,91.1323906986555,100.0,100.0,6.3587084722733636,1.8767058231217517,4.0,88.90838058094508,86.63313803826131,2.5590867000578443,0.9744091329994216,14.316606166923185,19.8503597301507,12.889982750241247,-4.265144500096407,Tendencia sana,Rapido y rentable,2025-05-15,2025-05-16,success_30d_pct,1361.0635293337612,1361.0635293337612
2025-05-15,2025-05-16,SW,Smurfit Westrock plc,Stock,NYSE,46.630001068115234,46.63999938964844,0.431,28.733734023244416,1339.8540481948262,1352.5255766704586,12.384239364018343,12.671528475632385,0.9457394626455491,1.0,0.9242976412769378,67.47372781321647,63.02233546504917,100.0,100.0,-6.074581096489917,-22.66874106485244,5.0,88.71691996234688,82.86406683754875,6.597223085835471,0.9340277691416453,17.434457405201996,16.51515446345606,12.56390128961793,-10.995371809725786,Tendencia sana,Rapido y rentable,2025-05-15,2025-05-16,success_30d_pct,2713.5891060042195,2713.5891060042195
2025-05-16,2025-05-20,FSI,FLEXIBLE SOLUTIONS INTERNATIONAL INC,Stock,NYSE,4.400000095367432,4.480000019073486,0.1,308.36239172599556,1356.7945530021098,1412.2997599866055,30.83623917259956,55.50520698449577,4.090907268287762,4.0,2.272727223467237,207.38635914138536,187.59968586894257,100.0,100.0,1.136359276850456,1.136359276850456,4.0,76.07272722346724,68.81465005413797,9.540971428575608,0.9045902857142439,26.12781619613207,-1.4684273931396374,-2.1263091998675043,-9.201621659324942,Tendencia sana,Rapido y rentable,2025-05-16,2025-05-20,success_30d_pct,1412.2997599866055,1412.2997599866055
2025-05-16,2025-06-05,SGC,"SUPERIOR GROUP OF COMPANIES, INC.",Stock,Nasdaq,10.25,10.270000457763672,0.14,132.37020029288877,1356.7945530021098,1377.973845643241,18.53182804100443,21.17929264113127,1.5609800757431502,20.0,1.3658536585365855,52.477535301668816,50.67409246775388,100.0,100.0,-1.022356636558146,-24.1750868935354,9.5,87.569005014263,84.55960882867248,3.436599725097198,0.965634002749028,25.938398515609194,36.01871303334758,22.805906759707085,-5.7276662084953305,Tendencia sana,Rapido y rentable,2025-05-16,2025-06-05,success_30d_pct,1377.973845643241,1377.973845643241
2025-05-20,2025-06-10,CCEL,CRYO CELL INTERNATIONAL INC,Stock,NYSE,5.239999771118164,5.480000019073486,0.15,269.52286673196454,1412.2997599866055,1517.4137448417011,40.42843000979468,105.11398485509562,7.442753148672384,21.0,2.8625955448847566,74.63195527735259,46.25536416868958,100.0,100.0,-7.03276659618849,-14.828898556307488,14.0,87.33065746243538,54.125760862141654,38.02203895530795,0.6197796104469205,-8.241763244200817,-2.6239111030974094,-10.814421687843478,-18.137255474862034,Riesgo moderado,Rapido y rentable,2025-05-20,2025-06-10,success_30d_pct,1517.4137448417011,1517.4137448417011
2025-06-05,2025-06-16,VOD,Vodafone Group Plc American Depositary Shares,Preferred,,10.210000038146973,10.239999771118164,0.25299,134.96315773700343,1377.973845643241,1416.1670336121842,34.144329275884495,38.19318796894322,2.771691791516882,11.0,2.477864829135843,129.20295180494037,75.62710738194973,100.0,100.0,1.9670051069063212,-12.008954349518975,7.0,89.51645833704494,52.39718375264446,41.46642446983324,0.5853357553016676,-14.431293157916613,-2.4362804014068096,-5.56300042516561,-20.251221895240747,Riesgo moderado,Rapido y rentable,2025-06-05,2025-06-16,success_30d_pct,1416.1670336121842,1416.1670336121842
2025-06-10,2025-07-10,KSS,KOHLS Corp,Stock,NYSE,9.399999618530273,9.649999618530273,0.125,161.42700068310796,1517.4137448417011,1577.9488700978666,20.178375085388495,60.53512525616543,3.9893618640234827,30.0,1.329787288007829,161.7907867076192,127.22277433616577,100.0,100.0,0.900662817842603,-16.334894463205874,3.0,88.40177511716577,69.51396501317596,21.36587198498708,0.7863412801501292,46.13885379354097,-12.20712054175136,11.357287598594512,-15.2645857387262,Riesgo moderado,Rapido y rentable,2025-06-10,2025-07-10,success_30d_pct,1577.9488700978666,1577.9488700978666
2025-06-16,2025-06-18,HBAN,HUNTINGTON BANCSHARES INC /MD/,Stock,Nasdaq,15.699999809265137,15.729999542236328,0.155,90.20172298196162,1416.1670336121842,1432.8543282773885,13.98126706220405,16.687294665204263,1.178342262539495,2.0,0.9872611584907721,102.95723509975195,99.25461939418481,100.0,100.0,0.4451192960069788,-10.929434229849186,3.5,89.51492322622923,86.29572876846282,3.596265674753021,0.9640373432524698,14.724508010652881,3.6327245166540623,8.369063801763609,-5.9937761245883685,Tendencia sana,Rapido y rentable,2025-06-16,2025-06-18,success_30d_pct,1432.8543282773885,1432.8543282773885
2025-06-18,2025-06-27,JPY,Lazard Japanese Equity ETF,ETF/Fund,,28.448999404907227,28.784000396728516,0.55269,50.365719647427476,1432.8543282773885,1477.5635239050064,27.836629591936692,44.70919562761787,3.1202889746209115,9.0,1.9427396799926306,141.81999663946203,139.86586080360303,100.0,100.0,0.737240661188641,-0.9556424343701849,5.0,88.97113603177992,87.74520393901037,1.3778986617993305,0.9862210133820067,11.035521467489406,14.506566150883815,9.465184378505477,-2.296497769665551,Tendencia sana,Rapido y rentable,2025-06-18,2025-06-27,success_30d_pct,1477.5635239050064,1477.5635239050064
2025-06-27,2025-07-15,HIMX,"Himax Technologies, Inc. American Depositary Shares",Preferred,,9.4399995803833,9.550000190734863,0.37,156.5215666932277,1477.5635239050064,1552.6939714509383,57.912979676494245,75.13044754593193,5.084752454322372,18.0,3.9194916996487463,150.5909968812413,128.0023473490551,100.0,100.0,1.692072804732399,-0.5353460901839486,9.5,88.1714142416637,74.94570210541414,15.0,0.85,79.3190488631823,66.70575278055327,34.01503386359677,-41.215378449421,Tendencia sana,Rapido y rentable,2025-06-27,2025-07-15,success_30d_pct,1552.6939714509383,1552.6939714509383
2025-07-10,2025-07-14,OZK,Bank OZK Common Stock,Other Unmatched,,51.650001525878906,52.54999923706055,0.44,30.55080006739681,1577.9488700978666,1618.8868722629463,13.442352029654597,40.93800216507975,2.5943807775305623,4.0,0.8518876805444833,103.64633446624548,103.64633446624548,100.0,100.0,5.951443058919081,-9.61002574730992,3.0,89.884676817745,89.884676817745,0.0,1.0,14.813207929660631,13.031456492583793,11.224532968465395,0.0,Tendencia sana,Rapido y rentable,2025-07-10,2025-07-14,success_30d_pct,1618.8868722629463,1618.8868722629463
2025-07-14,2025-07-15,PFXNZ,PhenixFIN Corporation  5.25% Notes due 2028,Note/Bond,,23.1200008392334,23.190000534057617,0.328125,70.02105594718589,1618.8868722629463,1646.7639837931895,22.975658982670367,27.877111530243155,1.7219925621655938,1.0,1.4192257270302064,518.0173903660253,516.9247851202174,100.0,100.0,1.616735135659679,0.16015113316964966,1.0,91.03650858471241,90.84449385955152,0.21092057257690477,0.997890794274231,1.6881182683351037,1.7095769107925207,1.3475262818431144,-0.3515342876281746,Tendencia sana,Rapido y rentable,2025-07-14,2025-07-15,success_30d_pct,3199.457955244128,3199.457955244128
2025-07-15,2025-07-16,VSEC,VSE CORP,Stock,Nasdaq,125.37000274658203,128.97999572753906,0.1,12.760061757800969,1599.728977622064,1647.0687171800837,1.276006175780097,47.3397395580198,2.959234984190167,1.0,0.07976389711192401,29.113822445852264,29.113822445852264,100.0,100.0,3.5454973418069264,-19.39908935920979,1.0,89.47759587384172,89.47759587384172,0.0,1.0,24.358424337295006,26.94407332566522,22.784214638758993,0.0,Tendencia sana,Rapido y rentable,2025-07-15,2025-07-16,success_30d_pct,1647.0687171800837,1647.0687171800837
2025-07-15,2025-07-22,WSO,WATSCO INC,Stock,NYSE,472.9800109863281,480.2900085449219,3.0,3.382233795221222,1599.728977622064,1634.599799793388,10.146701385663667,34.87082217132411,2.1797956190778174,7.0,0.6342762760193511,192.92570062255265,180.18743673567278,83.33333333333334,83.33333333333334,-0.3520352617995763,-10.224536924571748,1.0,82.49476228562794,77.04789829659592,6.6026785678500755,0.9339732143214993,9.79584513938072,17.060146596494306,6.250833580120241,-11.004464279750126,Tendencia sana,Rapido y rentable,2025-07-15,2025-07-22,success_30d_pct,1634.599799793388,1634.599799793388
2025-07-16,2025-07-17,DCOM,"Dime Community Bancshares, Inc. /NY/",Stock,NYSE,28.610000610351562,28.850000381469727,0.25,57.56968479700583,1647.0687171800837,1675.2778495539615,14.392421199251457,28.209132373877765,1.712687034829616,1.0,0.8738203238959245,70.87653738266943,70.87653738266943,100.0,100.0,3.197780751589074,-6.63557578841127,4.5,89.14174735811453,89.14174735811453,0.0,1.0,21.040317625372218,38.66754939806134,26.163934085265584,0.0,Tendencia sana,Rapido y rentable,2025-07-16,2025-07-17,success_30d_pct,1675.2778495539615,1675.2778495539615
2025-07-17,2025-08-12,RGCO,RGC RESOURCES INC,Stock,Nasdaq,21.829999923706055,22.90999984741211,0.208,76.74199978968902,1675.2778495539615,1774.121539428131,15.962335956255314,98.84368987416951,5.900137096690343,26.0,0.9528172273336777,22.43730890172854,22.144180622196437,100.0,100.0,0.43968796436337665,-2.851580054428024,15.5,84.99282434936043,83.88245053032446,1.3064324283092565,0.9869356757169074,12.730208952156907,14.415892742119429,10.398843633913701,-2.1773873805154276,Tendencia sana,Rapido defensivo,2025-07-17,2025-08-12,success_30d_pct,1774.121539428131,1774.121539428131
2025-07-22,2025-07-23,IMMR,IMMERSION CORP,Stock,Nasdaq,7.320000171661377,7.400000095367432,0.045,223.30597834158146,1634.599799793388,1662.5130300491917,10.048769025371165,27.913230255803683,1.707649190910943,1.0,0.614754083944053,64.11006875416552,63.06896475717451,100.0,100.0,-3.6406103104627725,-9.754339011370499,3.5,89.90469977453202,88.44470847983449,1.6239321174076338,0.9837606788259237,21.099292294167604,6.552263436691197,4.829363622843164,-2.706553529012723,Tendencia sana,Rapido y rentable,2025-07-22,2025-07-23,success_30d_pct,1662.5130300491917,1662.5130300491917
2025-07-23,2025-07-25,MRSH,"MARSH & MCLENNAN COMPANIES, INC.",Stock,NYSE,209.8000030517578,210.39999389648438,0.9,7.924275528437664,1662.5130300491917,1674.399370792939,7.131847975593898,11.886340743747269,0.7149622606804812,2.0,0.428979974694266,104.38512717560474,88.7860623076526,100.0,100.0,-1.5234253622252805,-11.048735720326833,1.5,89.5484669652266,76.16655727356802,14.94376190365719,0.8505623809634281,-0.6757963063086736,-4.954243702770467,-3.2357722898297414,-8.60079437376482,Tendencia sana,Rapido y rentable,2025-07-23,2025-07-25,success_30d_pct,1674.399370792939,1674.399370792939
2025-07-25,2025-08-12,OVLY,Oak Valley Bancorp,Stock,Nasdaq,27.780000686645508,28.149999618530273,0.3,60.27355397431151,1674.399370792939,1714.7825875766264,18.082066192293453,40.38321678368743,2.411803150915143,18.0,1.0799135802189412,56.30977953998765,55.85217373002461,100.0,100.0,3.350040657491597,3.1768368244478746,7.0,87.99564236588596,87.28053892333982,0.8126577899991205,0.9918734221000088,5.151974517359648,16.481482599393726,11.127265304113031,-1.3544296499985342,Tendencia sana,Rapido y rentable,2025-07-25,2025-08-12,success_30d_pct,3488.9041270047574,3488.9041270047574
2025-08-12,2025-08-13,EIG,"Employers Holdings, Inc.",Stock,NYSE,42.150001525878906,42.38999938964844,0.32,41.38676157416826,1744.4520635023787,1767.6285615722518,13.243763703733844,23.176498069873105,1.3285832585930213,1.0,0.7591933295744463,184.73704352978191,184.73704352978191,100.0,100.0,3.5015815315692076,-3.353534428760259,1.5,88.6625973614156,88.6625973614156,0.0,1.0,22.32270577327462,19.981328998137094,21.482850675712427,0.0,Tendencia sana,Rapido y rentable,2025-08-12,2025-08-13,success_30d_pct,1767.6285615722518,1767.6285615722518
2025-08-12,2025-08-13,ST,Sensata Technologies Holding plc,Stock,NYSE,31.209999084472656,33.13999938964844,0.12,55.894012004962356,1744.4520635023787,1859.0348051700505,6.707281440595483,114.58274166767183,6.568408732173545,1.0,0.3844921612307942,140.3396388492399,130.0716536007366,100.0,100.0,5.134179449591251,-5.23416115068086,1.0,88.42270606578546,81.95323636384639,7.316525347149922,0.9268347465285007,35.85668774504551,34.76641238266718,26.61074010801383,-12.194208911916537,Tendencia sana,Rapido y rentable,2025-08-12,2025-08-13,success_30d_pct,3626.663366742302,3626.663366742302
2025-08-13,2025-09-11,AUDC,AudioCodes Ltd. Common Stock,Other Unmatched,,10.039999961853027,10.449999809265137,0.2,180.61072612160393,1813.331683371151,1923.5041987463196,36.12214522432079,110.17251537516859,6.0756957144402675,29.0,1.9920318800786838,145.4183272457439,143.5241692699193,100.0,100.0,3.767687647874182,-11.898512034485131,5.0,88.33187640399997,87.1813025294467,1.302557945549505,0.9869744205445049,14.339834559952669,13.947367215033047,12.354665693815537,-2.170929909249175,Tendencia sana,Rapido y rentable,2025-08-13,2025-09-11,success_30d_pct,1923.5041987463196,1923.5041987463196
2025-08-13,2025-08-28,EXE,EXPAND ENERGY Corp,Stock,Nasdaq,96.45999908447266,97.23999786376953,1.465,18.798794324921847,1813.331683371151,1855.5349536828535,27.540233686010506,42.203270311702454,2.3273883481284945,15.0,1.5187642690283043,554.3489581953311,206.84276187474288,100.0,100.0,-0.5750001781881334,-6.581288704819169,1.0,89.33349153272741,33.332769627091764,62.6872642553322,0.373127357446678,-12.681685560843848,-17.359024221469156,-12.793453781073472,-20.369559518989167,Tendencia bajista relevante,Rapido y rentable,2025-08-13,2025-08-28,success_30d_pct,1855.5349536828535,1855.5349536828535
2025-08-28,2025-09-25,GRNT,"Granite Ridge Resources, Inc.",Stock,NYSE,5.659999847412109,5.710000038146973,0.11,327.8330395240646,1855.5349536828535,1907.988302535894,36.06163434764711,52.45334885304055,2.82685856975809,28.0,1.9434629499203024,94.58186356278806,22.98368005735163,100.0,100.0,2.899009741920222,-8.637234922930851,7.5,88.320238064218,21.462086046861966,75.69969633544602,0.2430030366455398,-24.3455493243101,-7.371790659106148,-16.036780518588113,-29.05073742357631,Tendencia bajista fuerte,Rapido y rentable,2025-08-28,2025-09-25,success_30d_pct,1907.988302535894,1907.988302535894
2025-09-11,2025-09-30,RYAAY,Ryanair Holdings plc American Depositary Shares,Preferred,,59.81999969482422,60.220001220703125,0.532678,32.15486808022746,1923.5041987463196,1953.4943858620848,17.128190819239403,29.99018711576514,1.5591433143380613,19.0,0.8904680754220876,65.0041695058124,51.43940889810344,100.0,100.0,3.6218398677083066,-2.703657528730752,5.0,87.97051253691455,69.61324480820362,20.867523900133907,0.7913247609986609,8.052433447529639,-12.455170730064658,0.7940308106688665,-14.020588616782081,Riesgo moderado,Rapido y rentable,2025-09-11,2025-09-30,success_30d_pct,1953.4943858620848,1953.4943858620848
2025-09-25,2025-09-26,BTCS,BTCS Inc. Common Stock,Other Unmatched,,4.519999980926514,4.539999961853027,0.05,422.1213076520396,1907.988302535894,1937.5367860202118,21.106065382601983,29.548483484317785,1.548672150926979,1.0,1.106194694933405,403.7610636506928,80.75221273013857,100.0,100.0,-8.185842430426346,-8.185842430426346,1.0,75.80619469493341,15.161238938986683,91.18704966867965,0.2,-18.705035477628318,-60.62717629650699,-55.946707467614345,-62.82894705884014,Tendencia bajista fuerte,Rapido y rentable,2025-09-25,2025-09-26,success_30d_pct,1937.5367860202118,1937.5367860202118
2025-09-26,2025-09-30,ERIC,Ericsson American Depositary Shares,Preferred,,8.1899995803833,8.270000457763672,0.151491,236.57349026744797,1937.5367860202118,1992.3016274206502,35.83875461410596,54.7648414004384,2.8265187941503735,4.0,1.8497070544771632,168.78576872104114,132.2420085664772,100.0,100.0,7.626490550067668,1.7297465761461115,4.0,88.30280086067461,69.1843858421551,21.650972372535293,0.7834902762746471,-6.497419293258389,14.368418643349102,2.3934988767344345,-20.92430893662258,Riesgo moderado,Rapido y rentable,2025-09-26,2025-09-30,success_30d_pct,3945.7960132827347,3945.7960132827347
2025-09-30,2025-10-03,CVBF,CVB FINANCIAL CORP,Stock,Nasdaq,18.90999984741211,18.979999542236328,0.2,104.33093720576441,1972.8980066413674,2001.0673278476486,20.866187441152885,28.16932120628121,1.4278143680745183,3.0,1.0576414680794965,386.03913584901625,386.03913584901625,100.0,100.0,0.37241630732399733,-8.545365092443227,1.0,89.55462546132387,89.55462546132387,0.0,1.0,17.700913373579752,23.94214941129127,17.00933165513041,0.0,Tendencia sana,Rapido y rentable,2025-09-30,2025-10-03,success_30d_pct,2001.0673278476486,2001.0673278476486
2025-09-30,2025-10-01,SOGP,Sound Group Inc. American Depositary Shares,Preferred,,18.850000381469727,19.860000610351562,1.0,104.66302210692801,1972.8980066413674,2183.2707050317576,104.66302210692801,210.37269839039027,10.663130971910995,1.0,5.3050396804396796,387.26789667209664,77.45357933441933,100.0,100.0,-10.695172702439983,-14.907163728118741,5.0,93.97371638781807,18.794743277563615,81.13287331679322,0.2,-37.35076542257802,-6.13287331679323,-23.50074677268995,-39.51700947822497,Tendencia bajista fuerte,Rapido y rentable,2025-09-30,2025-10-01,success_30d_pct,2183.2707050317576,2183.2707050317576
2025-10-01,2025-10-06,MRSH,"MARSH & MCLENNAN COMPANIES, INC.",Stock,NYSE,201.2899932861328,201.33999633789062,0.9,10.846394643812463,2183.2707050317576,2193.574813043949,9.761755179431217,10.304108012191136,0.47195741638649674,5.0,0.447116116060799,108.79825490812776,92.53970273932312,100.0,100.0,-1.5234253622252805,-11.048735720326833,1.5,89.5484669652266,76.16655727356802,14.94376190365719,0.8505623809634281,-0.6757963063086736,-4.954243702770467,-3.2357722898297414,-8.60079437376482,Tendencia sana,Rapido y rentable,2025-10-01,2025-10-06,success_30d_pct,2193.574813043949,2193.574813043949
2025-10-03,2025-10-06,OGE,OGE ENERGY CORP.,Stock,NYSE,45.91999816894531,46.150001525878906,0.425,43.57725190853615,2001.0673278476486,2029.6105741336805,18.520332061127863,28.543246286031945,1.4264010954960276,3.0,0.9255226849887336,48.259397145841106,46.54970510409709,100.0,100.0,1.4470456584447013,-2.972554780616685,7.0,88.29331399177036,85.16533508613367,3.5427132182718313,0.9645728678172817,-1.1168942667742487,12.442629418805806,4.836994316615106,-3.298435407979805,Tendencia sana,Rapido y rentable,2025-10-03,2025-10-06,success_30d_pct,4223.185387177629,4223.185387177629
2025-10-06,2025-10-14,GBCI,"GLACIER BANCORP, INC.",Stock,NYSE,48.470001220703125,49.060001373291016,0.33,43.56493997130094,2111.5926935888147,2151.672445009894,14.37643019052931,40.079751421079436,1.89808155440057,8.0,0.6808334881143889,124.25211158087598,123.43949012455094,100.0,100.0,1.506344084828282,-12.832685981243685,2.0,89.72156490311471,89.13477673663859,0.654010178165938,0.9934598982183406,15.670332017835676,17.898749524444657,12.901394255733067,-1.0900169636098966,Tendencia sana,Rapido y rentable,2025-10-06,2025-10-14,success_30d_pct,2151.672445009894,2151.672445009894
2025-10-06,2025-10-22,PFBC,Preferred Bank Common Stock,Preferred,,91.58999633789062,92.98999786376953,0.75,23.054839808037556,2111.5926935888147,2161.1606343549893,17.291129856028167,49.567940766174615,2.347419600222715,16.0,0.8188667212444535,74.72158831355638,74.72158831355638,100.0,100.0,2.6314567160956712,-6.0763701514527275,4.0,88.84218385215829,88.84218385215829,0.0,1.0,18.30243926436541,12.44527257470509,15.630043109574366,0.0,Tendencia sana,Rapido y rentable,2025-10-06,2025-10-22,success_30d_pct,2161.1606343549893,2161.1606343549893
2025-10-14,2025-10-15,PFXNZ,PhenixFIN Corporation  5.25% Notes due 2028,Note/Bond,,23.75,23.75,0.328125,90.59673452673238,2151.672445009894,2181.399498526478,29.72705351658406,29.727053516583965,1.3815789473684166,1.0,1.381578947368421,504.27631578947364,503.21269329684077,100.0,100.0,1.616735135659679,0.16015113316964966,1.0,91.03650858471241,90.84449385955152,0.21092057257690477,0.997890794274231,1.6881182683351037,1.7095769107925207,1.3475262818431144,-0.3515342876281746,Tendencia sana,Rapido y rentable,2025-10-14,2025-10-15,success_30d_pct,2181.399498526478,2181.399498526478
2025-10-15,2025-10-21,FUL,FULLER H B CO,Stock,NYSE,59.209999084472656,60.290000915527344,0.235,36.841741804696845,2181.399498526478,2229.8464564588985,8.657809324103757,48.446957932420446,2.2209117571149193,6.0,0.3968924229583832,28.97314687596197,22.279745609291897,100.0,100.0,-0.4165134705609968,-11.513656226322668,5.0,88.21956393042763,67.83900452882136,23.102085856691527,0.7689791414330848,-4.181125185053169,-3.9111710380901332,-4.068962432947365,-14.090974399983535,Riesgo moderado,Rapido y rentable,2025-10-15,2025-10-21,success_30d_pct,2229.8464564588985,2229.8464564588985
2025-10-21,2025-12-05,AM,Antero Midstream Corp,Stock,NYSE,18.25,18.469999313354492,0.225,122.18336747719992,2229.8464564588985,2284.217971089592,27.491257682369984,54.37151463069358,2.438352401942424,45.0,1.2328767123287672,180.0,173.21433524336152,100.0,83.33333333333334,6.11939287691187,-2.172922002182021,2.5,87.92293385144717,84.60840299846927,3.769813753688047,0.9623018624631196,-0.8131844656808052,25.780378273790006,12.544626027400474,-4.385592502891534,Tendencia sana,Rapido y rentable,2025-10-21,2025-12-05,success_30d_pct,2284.217971089592,2284.217971089592
2025-10-22,2025-10-27,CVS,CVS HEALTH Corp,Stock,NYSE,82.01000213623047,82.44999694824219,0.665,26.35240309791712,2161.1606343549893,2190.279903062229,17.524348060114885,29.119268707239826,1.3473902978031356,5.0,0.8108767012288804,295.96999594854134,295.54580812283086,100.0,100.0,7.853617833352987,-5.074236753909281,1.0,90.43488966932073,90.30527727704342,0.14332122563674776,0.9985667877436325,42.07376064380506,30.300770299422087,28.245760371692064,-0.2388687093945796,Tendencia sana,Rapido y rentable,2025-10-22,2025-10-27,success_30d_pct,2190.279903062229,2190.279903062229
2025-10-27,2025-11-12,WTIP,WisdomTree Inflation Plus Fund,ETF/Fund,,32.23500061035156,32.380001068115234,0.085,67.94725799877506,2190.279903062229,2205.9078035057337,5.77551692989588,15.627900443504586,0.7135115663370342,16.0,0.26368853231137873,24.061578573413314,18.103844346538548,100.0,100.0,1.8413049784753261,-6.311867557870952,4.0,88.50127837229597,66.58804048260075,24.760363118726247,0.7523963688127375,-9.143720198465378,1.970665095795865,-1.6801104320367077,-16.57170387071778,Riesgo moderado,Rapido y rentable,2025-10-27,2025-11-12,success_30d_pct,2205.9078035057337,2205.9078035057337
2025-11-12,2025-12-04,SFD,SMITHFIELD FOODS INC,Stock,Nasdaq,21.860000610351562,22.049999237060547,0.25,100.91069267679482,2205.9078035057337,2250.308369703776,25.227673169198706,44.40056619804227,2.012802444756702,22.0,1.1436413221398323,119.26545216601107,82.72594153927282,100.0,100.0,3.4020822454645265,-8.110685785156566,3.5,88.93245296114736,61.68610247976447,30.63712916283353,0.6936287083716647,-14.258018881339051,9.819418428294746,0.46640244768096917,-17.793171214931437,Riesgo moderado,Rapido y rentable,2025-11-12,2025-12-04,success_30d_pct,2250.308369703776,2250.308369703776
2025-12-04,2025-12-10,FFIC,FLUSHING FINANCIAL CORP,Stock,Nasdaq,16.93000030517578,16.989999771118164,0.22,132.9183891990728,2250.308369703776,2287.525447693438,29.242045623796017,37.2170779896619,1.6538656875084656,6.0,1.2994683758673198,52.70066191017464,43.010325976667026,100.0,100.0,-2.80919556669887,-13.60491729422736,9.0,87.69490181583046,71.56999887438755,18.38750327277531,0.8161249672722469,-1.9924131922651411,-8.421986904901878,1.8980515666215947,-11.960229831170388,Tendencia sana,Rapido y rentable,2025-12-04,2025-12-10,success_30d_pct,2287.525447693438,2287.525447693438
2025-12-05,2026-01-02,CCNR,ALPS/CoreCommodity Natural Resources ETF,ETF/Fund,,33.36199951171875,33.45199966430664,1.14194,68.46765794979515,2284.217971089592,2368.5660280715983,78.18595731918907,84.34805698200626,3.6926448372950804,28.0,3.4228763764560384,44.619638478801924,36.00149649853637,100.0,100.0,6.111562223405286,6.111562223405286,28.0,70.02287637645603,56.49817938085893,19.314683565533358,0.8068531643446664,-8.278183988730326,9.79911488348877,1.1654812210243337,-12.875376635518165,Tendencia sana,Rentable pero lento,2025-12-05,2026-01-02,success_30d_pct,2368.5660280715983,2368.5660280715983
2025-12-10,2025-12-22,PRHIZ,"Presurance Holdings, Inc. 9.75% Senior Unsecured Notes due 2028",Note/Bond,,19.200000762939453,19.200000762939453,0.609375,119.14194566642432,2287.525447693438,2360.1275708339153,72.60212314047732,72.60212314047749,3.1738279988834135,12.0,3.1738279988834064,82.74622997088882,78.49071137611064,100.0,100.0,3.0850029894634226,-6.366478313099256,14.0,87.48505815132947,82.98582849628403,5.142854963030133,0.9485714503696987,9.651630565201529,0.0,0.6373362804176219,-8.571424938383554,Tendencia sana,Rapido y rentable,2025-12-10,2025-12-22,success_30d_pct,2360.1275708339153,2360.1275708339153
2025-12-22,2025-12-29,SARK,Tradr 1X Short Innovation Daily ETF,ETF/Fund,,29.3799991607666,29.56399917602539,0.85233,80.33109728558391,2360.1275708339153,2443.37709810964,68.46860414942174,83.24952727572463,3.5273316707329374,7.0,2.901055222418735,151.26930802611975,55.49649318092786,100.0,100.0,0.960960902792669,0.960960902792669,7.0,75.80105522241874,27.809294556511922,63.3127870385014,0.36687212961498605,-18.358892586311036,-10.205801892110477,-10.471444543894314,-24.73133678813716,Tendencia bajista relevante,Rapido y rentable,2025-12-22,2025-12-29,success_30d_pct,2443.37709810964,2443.37709810964
2025-12-29,2026-01-02,TSMG,Leverage Shares 2X Long TSM Daily ETF,ETF/Fund,,25.979999542236328,26.309999465942383,2.726549,94.04838880529545,2443.37709810964,2730.840599688754,256.42754044868946,287.4635015791141,11.765007611862906,4.0,10.494800030952202,957.6505028243886,877.9672518210369,100.0,100.0,23.85123298647192,23.85123298647192,4.0,83.8,76.82725115855197,8.320702674758975,0.9167929732524103,59.0790452164035,66.75789220790433,43.39623786196653,-13.867837791264959,Tendencia sana,Rapido y rentable,2025-12-29,2026-01-02,success_30d_pct,5099.406627760352,5099.406627760352
2026-01-02,2026-01-09,MRP,"Millrose Properties, Inc.",Stock,NYSE,29.829999923706055,30.829999923706055,0.75,85.47446598730676,2549.703313880176,2699.283629357963,64.10584949048007,149.58031547778683,5.86657728620799,7.0,2.5142474083748527,131.10004343668874,123.84620889583087,100.0,100.0,3.3794577599489317,-2.2713492787368756,7.0,88.65806884713476,83.75257114270666,5.5330527364477256,0.9446694726355227,8.43286281026947,0.43580007073111826,-1.4673047560499364,-6.2871450486463365,Tendencia sana,Rapido y rentable,2026-01-02,2026-01-09,success_30d_pct,2699.283629357963,2699.283629357963
2026-01-02,2026-01-13,OGE,OGE ENERGY CORP.,Stock,NYSE,42.880001068115234,42.970001220703125,0.425,59.4613631149391,2549.703313880176,2580.325924957454,25.271079323849115,30.622611077277725,1.2010264453347625,11.0,0.9911380350128349,51.680768968526394,49.84986753497388,100.0,100.0,1.4470456584447013,-2.972554780616685,7.0,88.29331399177036,85.16533508613367,3.5427132182718313,0.9645728678172817,-1.1168942667742487,12.442629418805806,4.836994316615106,-3.298435407979805,Tendencia sana,Rapido y rentable,2026-01-02,2026-01-13,success_30d_pct,2580.325924957454,2580.325924957454
2026-01-09,2026-01-12,GROW,U S GLOBAL INVESTORS INC,Stock,Nasdaq,2.450000047683716,2.4600000381469727,0.008,1101.7483987030635,2699.283629357963,2719.115090027527,8.813987189624507,19.831460669563967,0.7346934739970609,3.0,0.32653060588971733,39.72789038324894,36.615873609994665,100.0,100.0,2.060447998691329,-21.749227058781322,3.0,89.20160322515557,82.2141472399542,7.833330044039887,0.9216666995596011,17.228465355906252,27.235775036761044,14.837104110000055,-13.055550073399813,Tendencia sana,Rapido y rentable,2026-01-09,2026-01-12,success_30d_pct,2719.115090027527,2719.115090027527
2026-01-12,2026-01-15,OZK,Bank OZK Common Stock,Other Unmatched,,47.97999954223633,48.5099983215332,0.46,56.671844851393054,2719.115090027527,2775.2201472509078,26.069048631640808,56.105057223380754,2.063357208716486,3.0,0.9587328144825564,116.64582576204437,116.64582576204437,100.0,100.0,5.951443058919081,-9.61002574730992,3.0,89.884676817745,89.884676817745,0.0,1.0,14.813207929660631,13.031456492583793,11.224532968465395,0.0,Tendencia sana,Rapido y rentable,2026-01-12,2026-01-15,success_30d_pct,2775.2201472509078,2775.2201472509078
2026-01-13,2026-01-14,MSM,MSC INDUSTRIAL DIRECT CO INC,Stock,NYSE,84.18000030517578,84.66999816894531,0.87,30.65248177242883,2580.325924957454,2622.0132346871915,26.66765914201308,41.687309729737535,1.6155831062475141,1.0,1.0334996398740905,377.22736855404304,377.22736855404304,100.0,100.0,5.0848889681954725,-4.30806747928627,1.0,90.36498029321152,90.36498029321152,0.0,1.0,39.19397879261452,46.45853516329785,33.67478723356028,0.0,Tendencia sana,Rapido y rentable,2026-01-13,2026-01-14,success_30d_pct,2622.0132346871915,2622.0132346871915
2026-01-14,2026-01-26,TRN,TRINITY INDUSTRIES INC,Stock,NYSE,27.719999313354492,28.100000381469727,0.31,94.58922437360958,2622.0132346871915,2687.279900537174,29.32265955581897,65.26666584998247,2.4891814040659805,12.0,1.1183261460279086,28.15096850346115,27.07686858210358,100.0,100.0,4.517564884770153,-8.858060695346966,14.5,84.8466188585009,81.60929696557325,3.815498998641953,0.9618450100135805,4.0643011919164085,27.30983451574791,12.902142077414403,-6.359164997736588,Tendencia sana,Rapido y rentable,2026-01-14,2026-01-26,success_30d_pct,2687.279900537174,2687.279900537174
2026-01-15,2026-01-20,IMMR,IMMERSION CORP,Stock,Nasdaq,6.559999942779541,6.579999923706055,0.075,423.0518554052026,2775.2201472509078,2815.410065445328,31.728889155390195,40.18991819442044,1.448170453584808,5.0,1.1432926928993494,119.22909511664643,117.29289554775272,100.0,100.0,-3.6406103104627725,-9.754339011370499,3.5,89.90469977453202,88.44470847983449,1.6239321174076338,0.9837606788259237,21.099292294167604,6.552263436691197,4.829363622843164,-2.706553529012723,Tendencia sana,Rapido y rentable,2026-01-15,2026-01-20,success_30d_pct,2815.410065445328,2815.410065445328
2026-01-20,2026-01-22,CL,COLGATE PALMOLIVE CO,Stock,NYSE,85.44000244140625,85.80999755859375,0.52,32.951895891811375,2815.410065445328,2844.7370918911115,17.134985863741917,29.327026445783304,1.0416609219994564,2.0,0.6086142148188841,63.46976811682648,60.82124779730296,100.0,100.0,1.8169405259212248,-2.8198025994687583,3.5,88.74221192202022,85.03910163111271,4.172884820767715,0.9582711517923228,8.345082696579675,18.734714696595823,8.906402363895193,-6.954808034612858,Tendencia sana,Rapido y rentable,2026-01-20,2026-01-22,success_30d_pct,2844.7370918911115,2844.7370918911115
2026-01-22,2026-01-26,LKFN,LAKELAND FINANCIAL CORP,Stock,Nasdaq,60.849998474121094,61.29999923706055,0.52,46.749994465504386,2844.7370918911115,2890.084622190066,24.30999712206228,45.34753029895455,1.5940851064309998,4.0,0.8545604158415073,124.76582071286006,124.76582071286006,100.0,100.0,1.8453633584456213,-3.3146410649145226,2.5,89.84532031475203,89.84532031475203,0.0,1.0,8.615794540348997,11.809244864245837,5.553986935231103,0.0,Tendencia sana,Rapido y rentable,2026-01-22,2026-01-26,success_30d_pct,5577.36452272724,5577.36452272724
2026-01-26,2026-01-30,CAG,CONAGRA BRANDS INC.,Stock,NYSE,18.09000015258789,18.510000228881836,0.35,154.15601093649968,2788.68226136362,2907.382401545895,53.95460382777489,118.70014018227494,4.2564956871146915,4.0,1.9347705751673543,201.7689314103098,69.60546574731967,100.0,100.0,0.1681713521995111,-4.907979987583903,3.5,90.05724593375281,31.067600464178675,65.50238668520646,0.3449761331479354,-10.209926645338419,-18.410402349148015,-14.831739193820558,-29.495507250878074,Tendencia bajista relevante,Rapido y rentable,2026-01-26,2026-01-30,success_30d_pct,2907.382401545895,2907.382401545895
2026-01-26,2026-02-02,GBX,GREENBRIER COMPANIES INC,Stock,NYSE,51.040000915527344,51.34000015258789,0.32,54.63719066108499,2788.68226136362,2822.5572778886244,17.4839010115472,33.87501652500441,1.2147320257432297,7.0,0.6269592364028542,152.56008085802787,117.92436448299077,100.0,100.0,1.1252080492919867,-17.367942994691184,1.5,89.12807889091556,68.89333042882964,22.703000798268477,0.7729699920173152,-8.15320992587958,2.453468437736195,-0.5485868815199302,-17.717004407021918,Riesgo moderado,Rapido y rentable,2026-01-26,2026-02-02,success_30d_pct,2822.5572778886244,2822.5572778886244
2026-01-30,2026-02-02,PEBO,PEOPLES BANCORP INC,Stock,Nasdaq,32.52000045776367,32.59000015258789,0.41,89.40290161809638,2907.382401545895,2950.2957670389806,36.65518966341951,42.91336549308562,1.476013800945758,3.0,1.2607625898791108,131.4795272302501,131.4795272302501,100.0,100.0,3.1346738336722946,-0.9048267553455938,3.5,89.00413337438927,89.00413337438927,0.0,1.0,17.18469861724632,30.006628921906596,21.946854690410646,0.0,Tendencia sana,Rapido y rentable,2026-01-30,2026-02-02,success_30d_pct,5772.853044927605,5772.853044927605
2026-02-02,2026-02-03,BANR,BANNER CORP,Stock,Nasdaq,63.09000015258789,63.47999954223633,0.5,45.75093541738411,2886.4265224638025,2927.1448270611195,22.875467708692057,40.718304597317,1.41068218021225,1.0,0.7925186222709028,289.2692971288795,289.2692971288795,100.0,100.0,0.8988651073836174,-5.988195359940046,1.0,90.28619340501461,90.28619340501461,0.0,1.0,10.698058653448994,9.156396844774605,7.291380020106142,0.0,Tendencia sana,Rapido y rentable,2026-02-02,2026-02-03,success_30d_pct,2927.1448270611195,2927.1448270611195
2026-02-02,2026-02-05,DGICA,DONEGAL GROUP INC,Stock,Nasdaq,18.940000534057617,19.15999984741211,0.183,152.39843933866183,2886.4265224638025,2947.842988873579,27.888914398975114,61.4164664097766,2.1277682259291533,3.0,0.966209054064873,100.76180135247961,96.739689248482,100.0,100.0,6.66103080426467,-5.108234378296508,3.5,89.41102250454897,85.84199980924858,3.991703254616969,0.9600829674538303,11.355730350413973,-1.080807969752573,4.127441308004776,-4.85149214144066,Tendencia sana,Rapido y rentable,2026-02-02,2026-02-05,success_30d_pct,2947.842988873579,2947.842988873579
2026-02-03,2026-02-04,PLBC,PLUMAS BANCORP,Stock,Nasdaq,52.29999923706055,52.61000061035156,0.33,55.9683531503171,2927.1448270611195,2962.964649938159,18.469556539604643,35.819822877039314,1.2237120126714998,1.0,0.630975152607951,51.1790957115338,51.1790957115338,100.0,100.0,1.9612161318947912,-2.351811809821511,4.5,88.64216292985809,88.64216292985809,0.0,1.0,21.103236670143133,36.12059095431572,24.378434481519196,0.0,Tendencia sana,Rapido y rentable,2026-02-03,2026-02-04,success_30d_pct,2962.964649938159,2962.964649938159
2026-02-04,2026-02-06,VLO,VALERO ENERGY CORP/TX,Stock,NYSE,197.41000366210938,202.67999267578125,1.2,15.009192011412066,2962.964649938159,3060.073957356087,18.011030413694478,97.109307417928,3.277437259332635,2.0,0.6078719303677955,17.74986036673963,17.74986036673963,100.0,100.0,1.8059555037173516,-9.14434367534496,12.5,85.51034779304474,85.51034779304474,0.0,1.0,9.21586113920374,61.26368361997445,30.16576696864053,0.0,Tendencia sana,Rapido defensivo,2026-02-04,2026-02-06,success_30d_pct,3060.073957356087,3060.073957356087
2026-02-05,2026-02-09,SUNC,SunocoCorp LLC,Stock,NYSE,54.099998474121094,54.11000061035156,0.932,54.488781368149006,2947.842988873579,2999.1715373229704,50.783544235114874,51.32854844939129,1.7412239608122684,4.0,1.7227357232659168,139.73300866490214,134.69079913284844,100.0,100.0,6.265433491465543,0.7341924118730027,4.5,90.14698601563282,86.89406820818776,3.6084598622975035,0.9639154013770249,11.607295234333947,38.678096128346894,15.855623494434589,-6.014099770495839,Tendencia sana,Rapido y rentable,2026-02-05,2026-02-09,success_30d_pct,2999.1715373229704,2999.1715373229704
2026-02-06,2026-02-10,GLP,GLOBAL PARTNERS LP,Stock,NYSE,46.939998626708984,47.22999954223633,0.76,65.19118122885706,3060.073957356087,3128.524757330696,49.54529773393137,68.45079997460925,2.236900183737747,4.0,1.619088245067732,107.44858353631312,101.77698989990486,100.0,100.0,4.334566987538935,-5.99482765158099,5.5,89.4087472074666,84.6893729261879,5.278425689522003,0.94721574310478,4.822218153211799,11.618551922445919,2.4202360638736486,-8.79737614920334,Tendencia sana,Rapido y rentable,2026-02-06,2026-02-10,success_30d_pct,3128.524757330696,3128.524757330696
2026-02-09,2026-02-11,JVA,COFFEE HOLDING CO INC,Stock,Nasdaq,3.0799999237060547,3.190000057220459,0.08,973.7570167580309,2999.1715373229704,3184.1855005175844,77.90056134064247,185.013963194614,6.168835656521186,2.0,2.597402661742239,474.0259857679586,183.53041126722425,100.0,100.0,4.220785518021658,4.220785518021658,2.0,91.99740266174224,35.6189779736908,61.28262652734305,0.3871737347265696,-15.308644315524422,-8.533331553141277,-13.59766077705632,-30.28455256974518,Tendencia bajista relevante,Rapido y rentable,2026-02-09,2026-02-11,success_30d_pct,3184.1855005175844,3184.1855005175844
2026-02-10,2026-02-11,SIRI,SIRIUS XM HOLDINGS INC.,Stock,Nasdaq,21.34000015258789,21.899999618530273,0.27,146.60378326901284,3128.524757330696,3250.205819149109,39.58302148263347,121.68106181841313,3.8894070290891105,1.0,1.2652296066982796,184.7235225779488,184.7235225779488,100.0,100.0,3.5733357471649825,-4.824393921748795,2.5,89.75783698754805,89.75783698754805,0.0,1.0,26.3135690652597,46.51389030578677,29.0100964020072,0.0,Tendencia sana,Rapido y rentable,2026-02-10,2026-02-11,success_30d_pct,6434.391319666694,6434.391319666694
2026-02-11,2026-02-12,NFBK,"Northfield Bancorp, Inc.",Stock,Nasdaq,13.59000015258789,13.670000076293945,0.13,236.73256980947926,3217.195659833347,3266.9094814320756,30.775234075232305,49.71382159872883,1.5452532843869384,1.0,0.9565857140571452,232.76919042057202,232.39651161285158,100.0,100.0,4.31799005426774,-3.6055914647342613,1.5,89.84325949145718,89.69941451451457,0.1601065875801977,0.998398934124198,10.250732644798322,31.950572903225382,18.272508049508662,-0.2668443126336628,Tendencia sana,Rapido y rentable,2026-02-11,2026-02-12,success_30d_pct,3266.9094814320756,3266.9094814320756
2026-02-11,2026-02-17,STBA,S&T BANCORP INC,Stock,Nasdaq,43.900001525878906,43.970001220703125,0.36,73.28463662892632,3217.195659833347,3248.7080312190888,26.382469186413473,31.51237138574197,0.9794981318411432,6.0,0.8200455295833673,85.5190337994083,85.5190337994083,100.0,100.0,1.3032682616815603,-7.608201929037596,3.5,89.24930611430293,89.24930611430293,0.0,1.0,17.65467269923089,27.45921827290463,20.17990195636048,0.0,Tendencia sana,Rapido y rentable,2026-02-11,2026-02-17,success_30d_pct,3248.7080312190888,3248.7080312190888
2026-02-12,2026-02-13,TSOL,21Shares Solana ETF,Stock,CBOE,7.75,8.199999809265137,0.317,421.53670728155817,3266.9094814320756,3590.2280555152847,133.62713620825394,323.3185740832091,9.896771732453384,1.0,4.090322580645162,497.6559139784947,155.00383423154494,100.0,100.0,12.63729304959697,2.0874952316284183,3.0,90.82714722161066,28.289739308254347,68.85321165132518,0.31146788348674814,-2.7522940366608406,-43.83043107595038,-23.70682340746323,-49.966283786469035,Tendencia bajista relevante,Rapido y rentable,2026-02-12,2026-02-13,success_30d_pct,3590.2280555152847,3590.2280555152847
2026-02-13,2026-02-18,SW,Smurfit Westrock plc,Stock,NYSE,51.560001373291016,51.84000015258789,0.452,69.63203956342572,3590.2280555152847,3641.198623475664,31.473681882668426,50.97056796037941,1.4197027924752235,5.0,0.8766485414295274,63.99534352435549,59.773427947506995,100.0,100.0,-6.074581096489917,-22.66874106485244,5.0,88.71691996234688,82.86406683754875,6.597223085835471,0.9340277691416453,17.434457405201996,16.51515446345606,12.56390128961793,-10.995371809725786,Tendencia sana,Rapido y rentable,2026-02-13,2026-02-18,success_30d_pct,3641.198623475664,3641.198623475664
2026-02-17,2026-02-18,COP,CONOCOPHILLIPS,Stock,NYSE,108.77999877929688,110.5199966430664,0.84,29.864939029925658,3248.7080312190888,3325.759510117904,25.086548785137552,77.05147889881528,2.37175757742383,1.0,0.7722007808662246,46.97554750269533,26.048424753419773,100.0,100.0,5.099654303185473,-2.328752708863175,6.0,87.5147953241853,48.527855065067094,44.54897039374541,0.5545102960625459,-20.571563917103575,7.207860848675884,-1.8646402216958902,-22.51868773960889,Riesgo moderado,Rapido y rentable,2026-02-17,2026-02-18,success_30d_pct,6966.958133593568,6966.958133593568
2026-02-18,2026-02-25,MSFT,MICROSOFT CORP,Stock,Nasdaq,399.6000061035156,400.6000061035156,0.91,8.717414948923688,3483.479066796784,3500.1293293492286,7.932847603520556,16.650262552444474,0.4779779706773189,7.0,0.22772772424940008,18.47124874467356,10.145152456921952,100.0,100.0,-2.4426112332042638,-12.542155874912863,4.5,88.31378174906828,48.50547963899791,45.07597944699085,0.5492402055300916,4.051305421997897,-17.8352445697308,-12.888214043811397,-19.62479670781062,Tendencia bajista relevante,Rapido defensivo,2026-02-18,2026-02-25,success_30d_pct,3500.1293293492286,3500.1293293492286
2026-02-18,2026-02-26,VRSN,VERISIGN INC/CA,Stock,Nasdaq,218.5500030517578,225.2899932861328,0.81,15.939048355775194,3483.479066796784,3603.8187262281176,12.910629168177907,120.33965943133353,3.4545825344083743,8.0,0.3706245658611009,33.819491634825454,29.754027783407583,100.0,100.0,0.48192074129453316,-12.963867690989503,4.0,87.96664743793046,77.3921175440197,12.021067304369172,0.8797893269563083,-1.096788930757342,6.847379247615382,-0.1895819043165492,-17.09677419354839,Tendencia sana,Rapido y rentable,2026-02-18,2026-02-26,success_30d_pct,3603.8187262281176,3603.8187262281176
2026-02-25,2026-02-26,ACT,"Enact Holdings, Inc.",Stock,Nasdaq,42.34000015258789,42.56999969482422,0.21,82.66720162341083,3500.1293293492286,3536.5028602214875,17.360112340916274,36.373530872258925,1.0392053392787568,1.0,0.4959848824827282,45.258620526548945,44.95861423229605,100.0,100.0,2.309024148578017,-4.629196921537517,4.0,88.32406915784937,87.73859447096979,0.6628710525476844,0.9933712894745231,9.32286215039706,14.096423649005473,12.15925294533462,-1.104785087579474,Tendencia sana,Rapido y rentable,2026-02-25,2026-02-26,success_30d_pct,7140.321586449605,7140.321586449605
2026-02-26,2026-03-16,D,"DOMINION ENERGY, INC",Stock,NYSE,63.349998474121094,63.41999816894531,0.668,56.356130690093664,3570.1607932248025,3611.7516004755653,37.64589530098257,41.59080725076274,1.1649561367009242,18.0,1.0544593782001157,48.10970913038028,47.39958780073944,100.0,100.0,1.4847332610559574,-1.329121297259644,8.0,87.62383645057702,86.33046851355861,1.476045776365782,0.9852395422363421,8.013386263042488,14.449698060023008,8.952159713439944,-2.46007629394297,Tendencia sana,Rapido y rentable,2026-02-26,2026-03-16,success_30d_pct,3611.7516004755653,3611.7516004755653
2026-02-26,2026-03-02,GRNT,"Granite Ridge Resources, Inc.",Stock,NYSE,5.090000152587891,5.130000114440918,0.11,701.4068145773313,3570.1607932248025,3675.3717886548557,77.15474960350645,105.21099543005312,2.9469539755664527,4.0,2.1611001316782494,105.17353974167482,25.55748953198734,100.0,100.0,2.899009741920222,-8.637234922930851,7.5,88.320238064218,21.462086046861966,75.69969633544602,0.2430030366455398,-24.3455493243101,-7.371790659106148,-16.036780518588113,-29.05073742357631,Tendencia bajista fuerte,Rapido y rentable,2026-02-26,2026-03-02,success_30d_pct,3675.3717886548557,3675.3717886548557
2026-03-02,2026-03-31,PIPR,PIPER SANDLER COMPANIES,Stock,NYSE,76.0875015258789,76.55000305175781,1.425,48.30454036402795,3675.3717886548557,3766.546682298838,68.83397001873983,91.17489364398216,2.4806985221310396,29.0,1.8728437278431709,40.68975956325937,19.933406209039955,83.33333333333334,83.33333333333334,1.50467881404375,-8.052507334011565,14.0,77.32324413194702,37.879693840083256,51.01124601621208,0.48988753983787925,-5.640497605509243,-16.061374191792567,-11.395290225238519,-22.298044844033914,Tendencia bajista relevante,Rapido defensivo,2026-03-02,2026-03-31,success_30d_pct,3766.546682298838,3766.546682298838
2026-03-16,2026-04-02,CNNE,"Cannae Holdings, Inc.",Stock,NYSE,11.680000305175781,11.9399995803833,0.15,309.225300180436,3611.7516004755653,3738.5337494253718,46.3837950270654,126.78214894980647,3.5102676754711717,17.0,1.2842465417875906,66.96428396463865,59.35578328837495,100.0,100.0,6.050095441325285,-2.2360891000627054,7.0,87.22357264437095,77.31320592109984,11.362027973421576,0.8863797202657843,24.539366902404215,-5.4672579892203865,-0.6099096329674314,-8.604797374400452,Tendencia sana,Rapido y rentable,2026-03-16,2026-04-02,success_30d_pct,3738.5337494253718,3738.5337494253718
2026-03-31,2026-04-09,0P0001D9BQ.L,0P0001D9BQ.L,ETF/Fund,London Stock Exchange,10.344599723815918,10.381199836730957,0.165431,364.1075327088087,3766.546682298838,3840.1077323527475,60.23467324355094,73.56105005390964,1.9530104432162008,9.0,1.5992015584627741,64.85650764876806,62.80233100006938,100.0,100.0,2.348388046020415,2.348388046020415,9.0,73.89920155846278,71.55861894459528,3.1672637383177094,0.968327362616823,2.0674734662323946,-0.9740934119181199,-0.913062856860325,-1.8291581636119991,Tendencia sana,Rapido y rentable,2026-03-31,2026-04-09,success_30d_pct,3840.1077323527475,3840.1077323527475
2026-04-02,2026-04-14,VIOT,"Viomi Technology Co., Ltd American Depositary Shares",Preferred,,1.0800000429153442,1.1299999952316284,0.066,3461.605185990179,3738.5337494253718,4140.079785938035,228.46594227535184,401.5460365126628,10.74073589878337,12.0,6.1111108682773825,343.1623795263453,68.63247590526906,100.0,100.0,7.222819413045444,-1.2963002184289383,6.5,91.35818412755515,18.27163682551103,100.0,0.2,-25.203707143848185,-55.85792480864467,-54.550032636473986,-55.85792480864467,Tendencia bajista fuerte,Rapido y rentable,2026-04-02,2026-04-14,success_30d_pct,4140.079785938035,4140.079785938035
2026-04-09,2026-04-15,MOMO,Hello Group Inc. American Depositary Shares,Preferred,,6.170000076293945,6.190000057220459,0.28,622.3837414697952,3840.1077323527475,4026.822842922658,174.26744761154265,186.7151105699104,4.862236259593536,6.0,4.538087464144474,184.04465826808143,126.30466860485491,100.0,100.0,12.248937451131678,5.510533850491691,9.0,91.64512492211458,62.893469669071514,31.372814732347102,0.686271852676529,0.42158678062620414,-12.297496949014663,-8.492665525435584,-14.806865254682899,Riesgo moderado,Rapido y rentable,2026-04-09,2026-04-15,success_30d_pct,4026.822842922658,4026.822842922658
2026-04-14,2026-05-06,GAINI,Gladstone Investment Corporation 7.875% Notes due 2030,Note/Bond,,25.56999969482422,25.610000610351562,0.4921875,161.91160873482738,4140.079785938035,4226.247268446105,79.69086992417286,86.16748250807086,2.0813000464566542,22.0,1.9248631438178183,41.3279439702061,40.74630776697606,100.0,100.0,1.7766149672117215,1.2108117390363862,17.0,85.04034184188035,83.8435113974248,1.4073678662779532,0.9859263213372205,0.11755007350615632,-0.6995736819983445,0.0032264347940458293,-1.1796569737993479,Tendencia sana,Rapido y rentable,2026-04-14,2026-05-06,success_30d_pct,4226.247268446105,4226.247268446105
2026-04-15,2026-04-17,KSPI,Joint Stock Company Kaspi.kz American Depository Shares,Other Unmatched,,82.12000274658203,84.91000366210938,1.7595,49.035834245515304,4026.822842922658,4249.911415716277,86.27855035498418,223.08857279361882,5.540064251540346,2.0,2.14259612902075,260.6825290308579,252.06958832096313,100.0,100.0,9.094817454842229,8.706160680134673,3.0,91.05096122025355,88.0426409715416,3.303996145010248,0.9669600385498975,18.081817807814595,13.528498503885,11.356903874834167,-5.506660241683747,Tendencia sana,Rapido y rentable,2026-04-15,2026-04-17,success_30d_pct,4249.911415716277,4249.911415716277
2026-04-17,2026-04-20,IMMR,IMMERSION CORP,Stock,Nasdaq,6.449999809265137,6.570000171661377,0.075,658.9010141692514,4249.911415716277,4378.397352262531,49.417576062693854,128.48593654625438,3.023261521901615,3.0,1.1627907320596482,121.26246205764903,119.29324198993562,100.0,100.0,-3.6406103104627725,-9.754339011370499,3.5,89.90469977453202,88.44470847983449,1.6239321174076338,0.9837606788259237,21.099292294167604,6.552263436691197,4.829363622843164,-2.706553529012723,Tendencia sana,Rapido y rentable,2026-04-17,2026-04-20,success_30d_pct,4378.397352262531,4378.397352262531
2026-04-20,2026-04-21,DELL,Dell Technologies Inc.,Stock,NYSE,204.24000549316406,212.36000061035156,0.63,21.43751094057367,4378.397352262531,4565.975468317205,13.505631892561412,187.57811605467396,4.284172973879203,1.0,0.3084606262513473,112.58812858174174,107.50455521580042,100.0,100.0,6.915528599621276,-18.911881238385902,1.0,89.04309499600672,85.02262577030106,4.5151948344629655,0.9548480516553703,147.11533009109945,237.16352012852724,132.32557031141744,-7.525324724104943,Tendencia sana,Rapido y rentable,2026-04-20,2026-04-21,success_30d_pct,4565.975468317205,4565.975468317205
2026-04-21,2026-04-30,SOGP,Sound Group Inc. American Depositary Shares,Preferred,,16.350000381469727,17.209999084472656,1.2,279.2645481214822,4565.975468317205,5141.260075242158,335.11745774577867,575.2846069249526,12.599380152538892,9.0,7.339449370044174,535.7798040132247,107.15596080264496,100.0,100.0,-10.695172702439983,-14.907163728118741,5.0,93.97371638781807,18.794743277563615,81.13287331679322,0.2,-37.35076542257802,-6.13287331679323,-23.50074677268995,-39.51700947822497,Tendencia bajista fuerte,Rapido y rentable,2026-04-21,2026-04-30,success_30d_pct,5141.260075242158,5141.260075242158
2026-04-30,2026-05-29,0P0000HKIQ.L,0P0000HKIQ.L,ETF/Fund,London Stock Exchange,1.075600028038025,1.075700044631958,0.02246,4779.899536280416,5141.260075242158,5249.094688097977,107.35654358485816,107.83461285581961,2.09743547841704,29.0,2.0881367994168545,26.281721785763857,25.145303151541533,100.0,100.0,1.995161092465111,1.995161092465111,29.0,68.38813679941686,65.43104161166167,4.3239885251273495,0.9567601147487265,0.278450071178149,-1.5849905321025703,-0.8136248986285399,-2.937746857784218,Tendencia sana,Rentable pero lento,2026-04-30,2026-05-29,success_30d_pct,5249.094688097977,5249.094688097977
2026-05-06,2026-05-22,DYLD.DE,Glbl X DAX Covered Call ETF   R,ETF/Fund,Germany/Xetra,14.657999992370605,14.65999984741211,0.144868,288.32359603259926,4226.247268446105,4268.592736553266,41.76886271005059,42.34546810716074,1.0019638089640268,16.0,0.9883203716428084,22.546058478101568,20.09092098865871,100.0,100.0,0.19743379869022082,-1.2996786372196931,16.0,84.52218533002171,75.31820024788746,10.889431036593253,0.8911056896340674,3.2743504530517775,,0.30615547236170215,-4.815718394322088,Tendencia sana,Rapido defensivo,2026-05-06,2026-05-22,success_30d_pct,4268.592736553266,4268.592736553266
2026-05-22,2026-06-02,OMAB,Grupo Aeroportuario del Centro Norte S.A.B. de C.V. ADS,Other Unmatched,,103.20999908447266,103.51000213623047,2.91647,41.35832549576537,4268.592736553266,4401.6206759762235,120.62031555863483,133.0279394229574,3.116435500716628,11.0,2.8257630325265315,79.3387312978603,66.7074967048782,100.0,100.0,6.605593213465816,4.210649636587476,13.0,88.22229490970989,74.17674004506019,15.920641011463676,0.8407935898853632,-4.0692194494979965,2.799966072902782,2.3805941392406327,-17.0395563036108,Tendencia sana,Rapido y rentable,2026-05-22,2026-06-02,success_30d_pct,4401.6206759762235,4401.6206759762235
2026-05-29,2026-06-01,MAN,ManpowerGroup Inc.,Stock,NYSE,31.6299991607666,32.93000030517578,0.72,165.95304544329167,5249.094688097977,5584.320029811614,119.48619271916999,335.22534171363714,6.386345867864443,3.0,2.276320009812323,166.1713607162996,166.1713607162996,100.0,100.0,7.065807544458056,-1.9785440332907123,5.0,90.04087552455542,90.04087552455542,0.0,1.0,26.93356246644676,23.93546816367944,20.12327019502036,0.0,Tendencia sana,Rapido y rentable,2026-05-29,2026-06-01,success_30d_pct,5584.320029811614,5584.320029811614
2026-06-01,2026-06-02,RDN,RADIAN GROUP INC,Stock,NYSE,33.790000915527344,33.790000915527344,0.255,165.2654595592355,5584.320029811614,5626.46272199922,42.14269218760505,42.14269218760546,0.7546611219025557,1.0,0.7546611219025483,68.86282737360753,68.37430939560181,100.0,100.0,4.421626164695165,-0.7052757080488051,4.0,88.43945070031359,87.81205471208828,0.7094073778808307,0.9929059262211917,11.768198825866838,4.704906813907761,8.163918129892501,-1.1823456298013846,Tendencia sana,Rapido y rentable,2026-06-01,2026-06-02,success_30d_pct,10028.083397975442,10028.083397975442
2026-06-02,2026-06-11,TDIV.AS,VanEck Morningstar Developed Ma,ETF/Fund,Euronext Amsterdam,52.27000045776367,52.400001525878906,0.81,95.92580170415867,5014.041698987721,5104.21205504944,77.69989938036854,90.17035606171885,1.7983567244748528,9.0,1.5496460549192337,62.84675667172448,61.27634971077998,100.0,100.0,1.568774276548545,1.568774276548545,9.0,73.84964605491923,72.00430025873577,2.4987875971824636,0.9750121240281754,-0.7216123608361658,8.374786401869972,5.755403763419853,-2.480883820019719,Tendencia sana,Rapido y rentable,2026-06-02,2026-06-11,success_30d_pct,10216.191667153249,10216.191667153249
2026-06-02,2026-06-11,TDIV.MI,VanEck Morningstar Developed Ma,ETF/Fund,Borsa Italiana,52.220001220703125,52.43000030517578,0.81,96.01764806163689,5014.041698987721,5111.979612103809,77.77429492992589,97.93791311608766,1.9532728085580184,9.0,1.5511297990526811,62.90693073935873,61.45139904924898,100.0,100.0,1.6660236274541316,1.6660236274541316,9.0,73.85112979905267,72.14237277483379,2.313785894499343,0.9768621410550066,-0.5894682874910795,8.352329076262954,5.9074581437080775,-2.480883820019719,Tendencia sana,Rapido y rentable,2026-06-02,2026-06-11,success_30d_pct,5111.979612103809,5111.979612103809
2026-06-11,2026-06-18,INSW,"International Seaways, Inc.",Stock,NYSE,82.55999755859375,84.48999786376953,4.55,61.871317643285444,5108.0958335766245,5509.021990786742,281.51449527694876,400.9261572101177,7.848837811043852,7.0,5.511143573824374,365.73952808107214,333.70438701074403,100.0,100.0,3.547382670525488,-3.8274514612250425,5.5,89.29913655935799,81.47742132899491,8.759004321574727,0.9124099567842527,3.8007503284091193,66.5141518444292,22.787963557523373,-14.598340535957878,Tendencia sana,Rapido y rentable,2026-06-11,2026-06-18,success_30d_pct,5509.021990786742,5509.021990786742
2026-06-11,2026-06-15,KSPI,Joint Stock Company Kaspi.kz American Depository Shares,Other Unmatched,,82.33000183105469,83.19999694824219,1.79775,62.0441603300179,5108.0958335766245,5273.613839347028,111.53988923328968,165.51800577040376,3.2403073701636123,4.0,2.1835903801983068,265.67016292412734,256.8924309826717,100.0,100.0,9.094817454842229,8.706160680134673,3.0,91.05096122025355,88.0426409715416,3.303996145010248,0.9669600385498975,18.081817807814595,13.528498503885,11.356903874834167,-5.506660241683747,Tendencia sana,Rapido y rentable,2026-06-11,2026-06-15,success_30d_pct,5273.613839347028,5273.613839347028
2026-06-15,2026-06-26,CNNE,"Cannae Holdings, Inc.",Stock,NYSE,14.149999618530273,14.489999771118164,0.15,372.6935675984694,5273.613839347028,5456.233744338804,55.90403513977041,182.6199049917759,3.4628986982176846,11.0,1.0600706999565286,55.27511506916185,48.994741032662716,100.0,100.0,6.050095441325285,-2.2360891000627054,7.0,87.22357264437095,77.31320592109984,11.362027973421576,0.8863797202657843,24.539366902404215,-5.4672579892203865,-0.6099096329674314,-8.604797374400452,Tendencia sana,Rapido y rentable,2026-06-15,2026-06-26,success_30d_pct,5456.233744338804,5456.233744338804
2026-06-18,2026-06-22,XCNY,State Street SPDR S&P Emerging Markets ex-China ETF,ETF/Fund,US Listed,34.37799835205078,34.409000396728516,0.276294,160.24848027424807,5509.021990786742,5558.265714940636,44.27569360889309,49.24372415389371,0.8938741619882556,4.0,0.8036942615756394,73.3371013687771,71.65164076231768,100.0,100.0,2.4191833420051068,-2.9399755577072577,4.0,89.13416795287424,87.08565327244446,2.29823728372361,0.9770176271627639,15.211334386994801,15.974480447554761,11.239860537083857,-3.830395472872683,Tendencia sana,Rapido y rentable,2026-06-18,2026-06-22,success_30d_pct,5558.265714940636,5558.265714940636
2026-06-22,2026-07-01,PSTR,PeakShares Sector Rotation ETF,ETF/Fund,US Listed,30.7549991607666,31.020000457763672,0.385,180.72722700741215,5558.265714940636,5675.7386468981385,69.57998239785368,117.47293195750262,2.113481758199055,9.0,1.2518290050585827,38.07646557053189,37.844639533926745,100.0,100.0,1.003311011900479,-7.170646647155558,12.0,86.59762805151404,86.07038413352481,0.6088433711782204,0.9939115662882178,9.766455083256176,6.991344204161365,5.82499876077025,-1.0147389519637007,Tendencia sana,Rapido y rentable,2026-06-22,2026-07-01,success_30d_pct,5675.7386468981385,5675.7386468981385
2026-06-26,2026-06-29,WRTH,Worth Charting Options Income ETF,ETF/Fund,,25.440000534057617,26.760000228881836,0.4094,214.47459236623484,5456.233744338804,5827.146038924519,87.80589811473654,370.91229458571524,6.79795463254412,3.0,1.6092766957764748,195.7953313194711,151.77238672184197,100.0,100.0,0.27279813661639196,0.27279813661639196,3.0,75.70927669577647,58.68667829649946,22.48416461258656,0.7751583538741345,,,-0.6351599103133321,-6.203287867017604,Riesgo moderado,Rapido y rentable,2026-06-26,2026-06-29,success_30d_pct,5827.146038924519,5827.146038924519
2026-06-29,2026-06-30,HIMX,"Himax Technologies, Inc. American Depositary Shares",Preferred,,14.569999694824219,15.34000015258789,0.252,399.9413974589532,5827.146038924519,6235.886330206213,100.7852321596562,408.7402912816933,7.014416466506337,1.0,1.7295813677300167,66.45233676015327,56.48448624613028,100.0,100.0,1.692072804732399,-0.5353460901839486,9.5,88.1714142416637,74.94570210541414,15.0,0.85,79.3190488631823,66.70575278055327,34.01503386359677,-41.215378449421,Tendencia sana,Rapido y rentable,2026-06-29,2026-06-30,success_30d_pct,6235.886330206213,6235.886330206213
2026-06-30,2026-07-01,VSNT,"Versant Media Group, Inc.",Stock,Nasdaq,36.0099983215332,36.36000061035156,0.375,173.17096975473302,6235.886330206213,6361.4356796352895,64.93911365802488,125.54934942907676,2.0133360805652303,1.0,1.0413774437077885,380.1027669533428,213.33210616449827,100.0,100.0,7.055045261341516,2.0133360805652236,1.0,90.72243644911457,50.91783098343017,43.87515042986137,0.5612484957013864,-2.8586686777992365,-22.057879054556963,-3.8170064947094184,-22.057879054556963,Riesgo moderado,Rapido y rentable,2026-06-30,2026-07-01,success_30d_pct,12037.174326533428,12037.174326533428
