dimension,segment,tickers,events,avg_recovery_rate_pct,avg_success_30d_pct,median_recovery_days,avg_dividend_yield_pct,avg_expected_tae_pct,avg_capture_score,top_ticker
asset_type,Stock,1455,11839,89.11176270460206,81.33053167821448,4.0,0.9383561375080529,66.58244686277787,82.07927972679761,BRLT
asset_type,Other Unmatched,86,510,86.66784120272492,77.05636095170979,5.0,1.5292881767258084,67.23668848426851,79.7631287806326,INTR
asset_type,ETF/Fund,805,8507,84.5400902405501,76.85669164330234,6.0,0.7034609188505868,46.305174317095464,78.9961460658003,BLCN
asset_type,Preferred,105,668,73.24644945697577,56.01893622946255,15.5,2.0257380836700056,70.36481359293869,71.3296550783048,SOGP
asset_type,Note/Bond,30,108,79.11111111111111,52.888888888888886,17.0,2.258617023698071,117.00186991107107,71.07782436425217,RILYN
capture_cluster,Rapido y rentable,1315,10555,94.54870415791723,88.20897999455615,4.0,0.8728306428634386,87.20259636259581,85.54988027094862,BRLT
capture_cluster,Rapido defensivo,562,4881,93.86713664594657,85.3179285592411,6.0,0.2781357292996247,14.172383911539486,83.6505026867661,KNSL
capture_cluster,Estable,70,968,76.70412995923462,66.75428709818833,8.0,1.0721326229699417,49.3583557559256,75.60090099172842,ARHS
capture_cluster,Rentable pero lento,214,1962,65.0969640991261,57.60771296887708,5.0,1.854528772222089,88.86429449371246,70.87403158221049,RILYG
capture_cluster,Observacion,241,2351,69.63311551884063,48.16896333429611,19.5,0.8869987997261224,10.773514991849627,67.31198773280389,XP
capture_cluster,Especulativo,79,915,26.120699132985354,22.126670865248848,8.0,4.4785352609420555,32.96816454375342,41.87161059321509,IOYY
exchange,CBOE,4,10,93.75,93.75,3.25,0.742884015368376,97.2257913566322,86.81825198101241,TSOL
exchange,NYSE,857,5074,89.95035776412331,82.67420498484745,4.5,0.7845189215137003,62.398297583698714,82.708187396532,CVS
exchange,Germany/Xetra,3,23,94.11764705882354,92.15686274509805,16.0,0.8512647985758733,19.709796544829832,82.02249171727082,DYLD.DE
exchange,Nasdaq,594,6755,87.87063658475142,79.30829952826231,4.0,1.161622774874583,72.5084747455176,81.14000403322989,BRLT
exchange,US Listed,710,7965,85.26573575730934,77.31668127668686,5.75,0.6156884035215483,42.161473500503014,79.53140223675362,ELIL
exchange,London Stock Exchange,11,31,81.81818181818181,75.75757575757576,6.0,0.7388049385448184,54.08183213087109,76.59520815526135,0P000026O3.L
exchange,Borsa Italiana,5,12,76.66666666666666,56.666666666666664,14.0,1.1503098498119246,29.20556706907131,68.91266482993376,JEPQ.MI
safety_cluster,Alta,1283,9355,99.78026384783357,91.94930584439501,4.0,0.691929471569534,64.6285633743794,87.33163330178692,BRLT
safety_cluster,Media-alta,783,8535,82.07231718949426,73.01024368294252,5.0,0.7623570922986488,57.70015082681222,78.47297995671826,NSP
safety_cluster,Media,336,2827,62.160101609936476,51.830580883363986,9.0,1.5032696771895093,58.35443483922913,67.55994376659744,QTR
safety_cluster,Baja,79,915,26.120699132985354,22.126670865248848,8.0,4.4785352609420555,32.96816454375342,41.87161059321509,IOYY
sector,3910,1,2,100.0,100.0,5.0,11.061946949334049,807.5221273013856,98.5,BRLT
sector,5912,1,6,100.0,100.0,1.0,0.9752019661346831,355.94871763915927,90.43488966932073,CVS
sector,5400,1,4,100.0,100.0,1.0,0.6083446171206366,222.04578524903235,90.30834461712064,DNUT
sector,5094,1,6,100.0,100.0,1.0,0.6847560083532062,249.93594304892022,90.14444371153925,GOLD
sector,3562,1,6,100.0,100.0,1.0,0.40726468615563355,148.65161044680625,90.02980501923147,TKR
sector,700,1,6,100.0,100.0,2.0,0.8006900878807791,146.1259410382422,89.89085142018419,CVGW
sector,5700,1,6,100.0,100.0,1.0,0.3694597130092907,134.85279524839112,89.88574798230056,WSM
sector,5531,1,6,100.0,100.0,1.5,0.5457729187848331,132.80474357097606,89.78472629848491,AAP
sector,3050,1,6,100.0,100.0,1.0,0.1422709750960851,51.92890591007106,89.7810337315265,NPO
sector,3524,1,6,100.0,100.0,2.0,0.4882362655937786,89.10311847086459,89.6241340126689,TTC
sector,7381,2,10,100.0,100.0,2.75,0.5602931337366971,149.0261734721629,89.24490890210811,ADT
sector,4899,2,24,100.0,100.0,2.5,0.8513969433957082,166.02924700351815,89.23320496032827,CCOI
sector,3678,2,12,100.0,100.0,2.5,0.6565607051935174,114.17598083374159,89.20818269686069,MEI
sector,3579,1,6,100.0,100.0,4.5,0.7395292822100529,59.984041779259854,89.16873526055187,PBI
sector,5171,2,18,100.0,100.0,3.25,0.8604875663108522,82.72287395716987,89.09290060839062,GLP
sector,2100,1,6,100.0,100.0,2.5,0.09448202281496919,13.794375330985504,89.0651972219396,TPB
sector,6153,2,20,100.0,100.0,4.0,0.9664722899156748,92.92085938684743,89.00256824425485,JCAP
sector,200,1,12,100.0,100.0,6.5,1.6654168929422346,93.51956398829472,88.99509499520231,CALM
sector,3211,1,3,100.0,100.0,3.0,0.2508079290055419,30.514964695674262,88.97331620724201,TGLS
sector,2060,3,18,100.0,100.0,5.0,0.9569387804292192,75.99426393191021,88.92051797678847,JBSS
sector,1389,9,48,100.0,95.37037037037038,2.0,0.4732201549022629,100.10017004532996,88.91382185753012,RNGR
sector,2711,2,12,100.0,100.0,1.75,0.33709966880094977,70.59855866781912,88.91198851833998,NWSA
sector,3873,1,6,100.0,100.0,6.0,1.787903467441023,108.76412760266224,88.9086676266722,MOV
sector,8082,1,6,100.0,100.0,3.0,0.11952118843537544,14.54174459297068,88.88523089542643,CHE
sector,2891,2,12,100.0,100.0,3.0,0.24436589981674856,31.546672376456954,88.8073530191203,CSW
sector,4011,5,41,100.0,100.0,4.0,0.4506077044738208,49.772950088661176,88.7923665281181,CSX
sector,3711,5,38,100.0,100.0,3.0,0.5644487084664941,83.17928115948487,88.72530725325961,F
sector,8200,3,30,100.0,100.0,2.5,0.46168269442512794,45.1927703361529,88.70725528054489,PRDO
sector,5180,1,12,100.0,100.0,1.0,0.494129232269566,180.35716977839158,88.65464880043551,MGPI
sector,2990,1,6,100.0,100.0,2.5,0.3908296597066559,57.06113031717175,88.58548611374638,KWR
sector,4522,1,2,100.0,100.0,5.0,0.2920274128408422,21.31800113738148,88.57989537848488,VTOL
sector,6552,1,6,100.0,100.0,2.0,0.2723157449676466,49.6976234565955,88.50784161472687,JOE
sector,7997,1,12,100.0,100.0,4.5,0.22096142785850348,17.92242692630084,88.49077008847075,OSW
sector,8051,2,16,100.0,100.0,4.0,0.28219896824266427,21.556157246384227,88.48950104988978,ENSG
sector,6029,3,28,100.0,100.0,1.5,0.4631092539665819,50.36490736358769,88.43541514441937,ESQ
sector,8734,1,6,100.0,100.0,3.0,0.18266523235047472,22.22426993597442,88.36778819143186,ULS
sector,3720,1,6,100.0,100.0,4.0,0.024002926530062214,2.190267045868177,88.21840404938446,TXT
sector,3825,3,29,100.0,94.44444444444446,3.0,0.094695482187519,18.467880263691864,88.21436337450568,TER
sector,3829,2,12,100.0,100.0,4.5,0.23523579074999004,17.35473850066588,88.14657399400578,ROK
sector,4991,1,6,100.0,100.0,5.5,1.3839377478418193,91.84314144768437,88.14436233283313,AES
sector,1623,3,29,97.43589743589745,97.43589743589745,3.0,0.16354336346982623,27.95423773183495,88.0349998376875,ESOA
sector,3357,2,12,100.0,100.0,3.75,0.20619749254313374,17.59343297430412,87.99972817424049,GLW
sector,1381,4,32,100.0,89.58333333333334,3.5,1.0553002996490553,149.64262477799514,87.96735025302542,PTEN
sector,3677,1,12,100.0,100.0,2.0,0.0563052441271239,10.275707053200113,87.93621254360463,BELFA
sector,1220,3,14,100.0,100.0,4.0,0.4562630269815506,24.23988586209168,87.88627265322141,CNR
sector,1731,3,18,100.0,94.44444444444446,2.5,0.05092973460898015,5.51278576898964,87.8230949363725,EME
sector,1000,2,12,100.0,100.0,6.0,0.49526468908002835,31.184152993151127,87.81508213707447,FCX
sector,3620,1,12,100.0,83.33333333333334,2.0,0.11230807587205964,20.49622384665089,87.71989984315071,WWD
sector,5000,1,6,100.0,100.0,4.0,0.21347883418170865,19.479943619080913,87.71040554384076,GWW
sector,3241,3,12,100.0,91.66666666666667,3.0,0.3282026516204204,69.28292129600587,87.68148773487007,AMRZ
sector,5065,3,29,100.0,87.77777777777779,1.0,0.5114322812013086,162.1236405559366,87.67530564666124,RELL
sector,3716,2,13,100.0,85.71428571428572,3.0,0.7762555431500793,94.44442441659298,87.64636523116482,THO
sector,5940,2,18,100.0,100.0,6.25,0.43115485127197506,27.980737480747592,87.62548149742321,ASO
sector,3334,1,6,100.0,83.33333333333334,1.5,0.2653739701208058,64.57433272939609,87.59169458675638,AA
sector,3760,1,6,100.0,100.0,8.0,0.6782099487743568,30.94332891283003,87.54694392330892,LMT
sector,3724,3,21,100.0,83.33333333333333,4.0,0.337203442146023,31.173347001036092,87.50667435864136,RTX
sector,3843,1,8,100.0,75.0,3.5,1.1856236783946281,123.64361217543977,87.39427364602008,XRAY
sector,8090,1,2,100.0,100.0,14.0,3.0155817029271343,78.62052296917172,87.33065746243538,CCEL
sector,3621,1,12,100.0,100.0,5.5,0.2791336561227887,18.524324451785066,87.28622297744415,FELE
sector,3569,3,24,100.0,95.23809523809524,5.0,0.2247418849388044,17.544155426159914,87.28307656952343,RRX
sector,3826,3,23,100.0,93.33333333333333,3.0,0.1326336881257666,31.688624356243235,87.27235235585717,BRKR
sector,4731,4,33,100.0,91.66666666666669,5.0,0.4079715507045573,28.573931167851597,87.18538323695242,EXPD
sector,7948,2,13,95.45454545454545,95.45454545454545,3.5,0.40380730623771377,40.92116988998331,87.13228459216657,CHDN
sector,7310,1,12,100.0,83.33333333333334,4.5,0.7337613034404854,59.51619461239492,87.13148972285185,NCMI
sector,3577,3,25,96.96969696969695,90.90909090909092,4.0,1.2805083433453683,95.75052656758153,87.0901570011481,IMMR
sector,7510,1,6,100.0,83.33333333333334,4.0,0.4762692566005673,43.45956966480176,87.04048080506944,R
sector,3669,2,18,100.0,91.66666666666667,4.0,0.22229833879805655,18.529479898840748,86.92581357550469,ESE
sector,4932,2,12,100.0,91.66666666666667,5.75,0.9099043898399213,77.40968950319956,86.90464052182386,SRE
sector,3674,16,180,97.91666666666667,90.625,3.5,0.41680328991288734,42.35256921349328,86.7821765456429,NVDA
sector,2111,2,12,100.0,91.66666666666667,9.25,1.2623160711146646,48.5496121046945,86.7755972056859,MO
sector,8071,2,12,100.0,91.66666666666667,5.5,0.3652969024405023,26.247773142910532,86.76006377735034,DGX
sector,3290,1,6,100.0,83.33333333333334,7.0,0.5543608674671038,28.90595951792756,86.74826884181317,OC
sector,3790,1,6,100.0,83.33333333333334,5.5,1.2461281702748674,82.69759675460483,86.69888810428102,PII
sector,3571,2,18,100.0,91.66666666666667,2.25,0.26490435142157986,82.86064399547493,86.69631811002614,DELL
sector,5010,1,12,100.0,83.33333333333334,7.5,0.9180249572986744,44.67721458853548,86.68543023870845,LKQ
sector,3350,4,30,100.0,91.66666666666667,6.0,0.41154963344700274,42.94723614802025,86.67686726501017,MLI
sector,6141,5,36,96.66666666666667,86.66666666666667,3.0,0.7643431318801934,108.47085307835138,86.59986124191195,SLM
sector,2273,1,12,100.0,83.33333333333334,4.0,0.07762555742097448,7.0833321146639205,86.59393834750642,TILE
sector,3728,1,6,100.0,83.33333333333334,6.5,0.7142240892072894,40.10642962471702,86.5850040452466,PKE
sector,3679,3,24,94.44444444444446,94.44444444444446,3.5,0.31970052324708154,33.23673034476063,86.57658489327747,ESP
sector,5990,2,12,100.0,83.33333333333333,7.0,1.1771171554621842,86.25773867694727,86.54426565544051,BBWI
sector,7900,3,24,94.44444444444446,94.44444444444446,3.0,0.5285472052162038,69.86081481548827,86.54417102672839,LUCK
sector,3822,1,5,100.0,80.0,5.0,0.23756340313977828,17.342128429203814,86.52131657573088,TT
sector,3572,3,34,94.44444444444446,94.44444444444446,1.0,0.3170443085808035,59.79325086243878,86.44119973797571,WDC
sector,5045,5,40,100.0,90.0,8.5,0.32839355016361316,20.10745759353845,86.3748867863574,CLMB
sector,2890,4,29,95.83333333333334,95.83333333333334,3.75,0.39438782308610676,41.4040619386231,86.31360717139077,OEC
sector,3460,3,30,94.44444444444446,94.44444444444446,2.5,0.2738126955080123,35.831756557837515,86.30611292308016,PKOH
sector,3585,4,26,95.83333333333334,91.66666666666666,4.0,0.26567376006744237,41.27028354908568,86.29959871512473,LII
sector,5063,1,6,100.0,83.33333333333334,6.0,0.20868708584029597,12.695131055284671,86.2109609882567,WCC
sector,3743,3,18,100.0,94.44444444444446,4.0,0.6003080556110875,65.34954860555746,86.1114135813498,GBX
sector,2750,1,6,100.0,83.33333333333334,9.0,1.3034268981195127,52.861201979291344,86.11068744121673,QUAD
sector,3523,4,23,95.83333333333334,95.83333333333334,3.75,0.263295582406823,42.14112778034144,86.0842975199105,LNN
sector,8060,2,12,100.0,83.33333333333334,3.25,0.29714689078968065,57.89019454172187,86.0143787672771,SEM
sector,2070,2,12,100.0,83.33333333333334,8.75,0.8168548473308459,40.60533764306432,85.97901158830143,BG
sector,3590,3,18,94.44444444444446,94.44444444444446,4.0,0.16158280616816786,41.91118128469063,85.83222623478179,ETN
sector,4923,4,30,95.83333333333334,95.83333333333334,5.25,0.8926710964739915,48.38062135888643,85.71514000682072,SWX
sector,3531,6,46,97.22222222222223,86.11111111111113,4.0,0.5827695896721022,31.65948355421753,85.70190444769173,AEBI
sector,2011,2,18,91.66666666666667,91.66666666666667,3.25,1.1322825374143828,116.44684277268749,85.69406537153345,SFD
sector,4922,12,72,94.44444444444446,87.50000000000001,5.75,1.3083490045904087,86.85482075263174,85.65109631920738,DTM
sector,2650,4,23,95.83333333333334,87.5,5.5,0.8499524195036793,56.57311579248002,85.62366006017695,SW
sector,5651,5,36,93.33333333333334,90.0,4.5,0.9148817344823051,91.87195658396648,85.59896524598854,GAP
sector,5712,2,8,100.0,33.33333333333333,21.5,3.0732710099620175,49.68761452763712,85.58575594983037,HVT
sector,8000,1,6,100.0,83.33333333333334,5.5,0.6107962136332669,40.53465781384407,85.58163211581261,USPH
sector,4412,3,24,94.44444444444446,88.88888888888887,7.0,1.5861147112225442,93.04787973221818,85.57944665514715,PANL
sector,3670,3,24,94.44444444444446,88.8888888888889,3.0,0.4230847662792492,85.44880117519067,85.57901901071341,VSH
sector,5500,8,58,95.83333333333334,87.5,4.25,0.383870239147174,33.1035920692931,85.5578347014979,SAH
sector,3634,1,6,100.0,66.66666666666666,9.5,0.673810954819471,25.888526158853356,85.39693024081642,HBB
sector,4941,10,120,94.23076923076923,89.35897435897435,4.5,0.6709981238399125,56.65416053243014,85.29623988771215,WTRG
sector,3412,1,6,100.0,83.33333333333334,7.5,0.8711347433217558,42.395224174992116,85.28227266171372,GEF
sector,3812,4,30,95.83333333333334,91.66666666666669,4.75,0.3724031538872292,28.88779290883503,85.27306532918101,DRS
sector,6324,4,24,95.83333333333334,91.66666666666669,5.25,0.4989187115660462,31.537434977131067,85.25633517906127,HUM
sector,1400,6,42,97.22222222222223,83.33333333333333,4.5,0.6615185805480885,181.78990038658344,85.20369807818314,HL
sector,4911,25,166,95.0,86.33333333333334,4.0,0.8206538511790594,66.43808795342426,85.19976632052949,PPL
sector,4400,4,20,91.66666666666667,91.66666666666667,4.0,0.9464118242556641,73.03706904293989,85.19866649863889,INSW
sector,3827,1,12,100.0,83.33333333333334,5.0,1.0151404169687555,74.10525043871914,85.18021355379207,KLAC
sector,2000,5,40,91.51515151515153,84.18181818181817,4.0,1.9200367898404491,153.17272271730377,85.15431077536894,CAG
sector,1540,1,3,100.0,100.0,10.0,0.0828942738768298,3.025640996504287,85.14834006166153,TPC
sector,6519,1,36,94.44444444444444,88.88888888888889,4.0,0.7766047867949363,66.92823197309139,85.10876169927187,GOOD
sector,7361,1,5,100.0,80.0,11.0,0.7152406600958738,23.732985539544906,84.95597247626557,KFY
sector,7371,2,22,91.66666666666667,91.66666666666667,3.5,0.3842792187465059,37.437429179676336,84.93980985172897,VRSN
sector,7340,2,12,100.0,83.33333333333334,6.75,0.4519878783035843,28.36658411706066,84.92078255988542,ABM
sector,5070,2,12,91.66666666666667,83.33333333333334,2.0,0.5499993426755884,130.54106178617977,84.90493536966258,FERG
sector,3640,2,18,91.66666666666667,91.66666666666667,3.25,0.15352227431337365,17.446337099076082,84.89960070475158,LYTS
sector,2870,4,24,95.83333333333334,83.33333333333334,2.0,1.3062006813989173,165.9197123376739,84.83271334785817,CF
sector,3540,2,16,90.0,90.0,2.5,0.2939752566225643,38.78382744002518,84.80609417571947,LECO
sector,3442,1,6,100.0,83.33333333333334,9.5,0.2572241089100717,9.88282102654486,84.72827842077079,GFF
sector,3420,7,55,95.578231292517,84.01360544217688,5.0,0.7683905542232843,76.26369453824304,84.67292575174444,EML
sector,6321,4,30,100.0,83.33333333333333,5.75,0.6095417690307728,32.998135973848946,84.6568450258924,UNM
sector,4512,2,12,91.66666666666667,83.33333333333334,2.5,0.3955434515872303,66.74348542883119,84.63618293213358,LUV
sector,3600,4,23,95.83333333333334,83.33333333333334,4.75,0.27098482306507005,15.244898028687558,84.58040426401543,GE
sector,3470,2,16,100.0,80.0,11.0,0.19985826810626356,35.63439973040131,84.56833637963874,AZZ
sector,2800,7,35,92.85714285714286,85.7142857142857,4.5,0.8341620364521237,62.65088613995622,84.5190347622412,BCPC
sector,8711,3,30,94.44444444444446,83.33333333333333,2.0,0.1776917885171363,28.828387857930284,84.48135283200332,VSEC
sector,2851,2,12,91.66666666666667,91.66666666666667,4.5,0.5534792222036438,41.37195753487872,84.38976011984306,RPM
sector,2300,6,54,91.66666666666667,83.33333333333333,3.0,0.8725833541474004,134.33214574398815,84.32670313448529,CRI
sector,3580,2,12,91.66666666666667,91.66666666666667,4.25,0.2764069416837571,33.61021959062189,84.29109961388484,TNC
sector,7011,15,111,92.27777777777779,82.5,4.0,0.7668303923326714,49.60648612156881,84.286902462101,LVS
sector,3561,6,36,94.44444444444446,83.33333333333333,5.0,0.3297535246396121,24.271341567153854,84.28411333014198,GGG
sector,6200,7,70,91.66666666666667,86.90476190476191,4.0,0.29583716526938286,56.484974602992175,84.24202754593146,ICE
sector,6021,73,699,93.1299294312993,83.96370752535137,5.0,0.8158807562840388,61.92994072902951,84.18974386583832,HWBK
sector,2080,6,50,91.66666666666669,86.11111111111113,4.5,0.7211214590665435,71.38749866514671,84.18198331991304,PRMB
sector,3089,6,54,97.22222222222223,80.55555555555556,3.75,0.7680979500798027,68.81512764283606,84.14454841417312,ATR
sector,2033,1,6,100.0,83.33333333333334,5.5,1.0097824989940378,67.01283856960433,84.12845857478517,SJM
sector,3533,7,55,90.47619047619048,85.71428571428571,2.0,0.3797094365920746,68.17799022232903,84.11899676144553,FLOC
sector,3140,4,36,91.66666666666667,87.5,2.5,0.555601132103408,74.44335293087155,84.11503977646512,WWW
sector,6221,8,83,92.3202614379085,86.72385620915033,4.0,0.41046150485621036,46.562623151904226,84.10707912856797,TSOL
sector,3310,4,30,91.66666666666669,87.5,3.5,0.4240397489544996,50.83095340476,84.07464520525099,FRD
sector,4931,17,136,94.11764705882354,82.49299719887955,5.0,0.9110226507435688,63.337272390322184,84.0604372024948,NI
sector,5331,5,42,93.33333333333333,86.66666666666666,4.0,0.5070469604322245,48.023578262505694,84.04939745308408,WMT
sector,7350,3,30,88.8888888888889,88.8888888888889,1.0,0.3315187909280235,68.39784810582147,84.0390960687343,FTAI
sector,6351,5,28,92.5,85.0,6.5,0.8487179110297929,52.888839015216305,84.02415269983165,MTG
sector,3613,2,24,91.66666666666667,83.33333333333333,4.5,0.22209971411492963,52.19934490396022,83.97483931879799,LFUS
sector,4924,10,59,91.33333333333334,84.66666666666667,4.25,0.7160528912258696,53.751581967038874,83.96683894533294,OGS
sector,7363,7,57,88.0952380952381,85.71428571428574,3.0,1.1394768432539235,132.81006062874195,83.95421299288691,MAN
sector,3440,2,12,91.66666666666667,83.33333333333333,4.0,0.11829713910657519,8.789041646416724,83.84650924825564,ACA
sector,5311,3,18,88.8888888888889,88.8888888888889,3.0,0.9339062547455557,82.77800950495389,83.77856814197054,KSS
sector,6035,23,250,91.88405797101449,81.59420289855073,3.0,0.8837819903796685,89.01622784778738,83.77301858605178,NFBK
sector,6022,151,1497,92.33912886230769,83.14834172450067,4.0,0.8224443042536868,79.52006210279755,83.72700069649554,BANR
sector,5051,2,11,90.0,81.66666666666667,2.0,0.5939006270504881,138.82962345933913,83.7018173834773,RS
sector,2911,12,74,93.05555555555556,84.72222222222223,5.25,1.3488076538798115,74.91854930690003,83.66596529266374,SUNC
sector,3510,3,18,88.8888888888889,83.33333333333334,1.5,0.4184426921835431,71.52451638509868,83.63033307065876,BWXT
sector,6361,4,30,91.66666666666669,83.33333333333334,4.0,0.8151166755257161,64.42736928762469,83.56309094407854,STC
sector,3576,2,18,91.66666666666667,83.33333333333334,4.5,0.4519878008080803,33.45507376544006,83.55913114528249,CSCO
sector,4833,7,55,92.85714285714286,80.95238095238095,5.0,1.1597485590689456,122.52010613274527,83.54108713613036,VSNT
sector,7372,13,116,89.92673992673993,88.82783882783883,6.0,0.48741079406522747,44.71234152078705,83.31880066523925,RDVT
sector,2673,1,12,100.0,83.33333333333334,9.5,0.9829452326611566,37.76579051803392,83.29664781342889,REYN
sector,8731,1,12,100.0,66.66666666666666,12.5,0.834089658217137,24.355418019940398,83.22027148067683,NRC
sector,3490,6,36,91.66666666666667,80.55555555555554,4.25,0.22712866723729663,17.15638592889545,83.20966781528661,HLIO
sector,5961,1,12,100.0,66.66666666666666,9.5,0.43084727665640093,16.553605892588035,83.20179071574785,CDW
sector,4700,3,30,88.8888888888889,83.33333333333333,3.0,0.9041808613790602,55.512401632897685,83.18515369348545,GATX
sector,7990,3,14,94.44444444444446,83.33333333333333,15.0,1.4750231797131332,53.95423230469013,83.13803254467409,DIS
sector,7500,1,12,83.33333333333334,83.33333333333334,1.0,1.5701093230698107,477.5749191004008,83.13765379103614,MNRO
sector,3842,5,31,90.0,86.0,5.0,0.2538471991528762,30.828520500805865,83.08062351282534,ZBH
sector,7812,1,14,85.71428571428571,85.71428571428571,6.0,1.9115402690946202,99.67317117421948,83.05846904068335,CURI
sector,3530,1,6,100.0,66.66666666666666,8.5,0.2646609852210708,11.364854071257746,83.0413324070019,DOV
sector,6211,17,124,90.33613445378151,83.8935574229692,5.5,1.0228698128611815,48.24703395192864,83.0264257592152,GS
sector,2731,2,17,90.0,81.66666666666667,7.25,0.8542485196329765,79.79904430811757,82.99621518784276,SCHL
sector,3841,11,91,89.61038961038962,85.06493506493506,5.0,0.3915935811950989,58.40227023340692,82.96207560098365,UTMD
sector,2836,3,36,88.8888888888889,83.33333333333334,4.0,0.5266140574113343,41.85159048579479,82.91749613547756,AMGN
sector,3560,4,29,90.83333333333334,82.5,4.25,0.30777737662095855,21.114185628268604,82.8969223469713,IR
sector,2810,8,55,87.79761904761905,83.92857142857143,2.5,0.8338649673723966,118.58734148010552,82.857863692271,LIN
sector,3541,1,6,83.33333333333334,83.33333333333334,1.0,0.7652542310452847,232.76482860960743,82.8310901523953,KMT
sector,3312,5,34,88.18181818181817,88.18181818181817,3.0,0.5232772191909791,29.740928284768795,82.80669568733408,CRS
sector,6162,2,12,83.33333333333333,83.33333333333333,1.25,1.3879862364596187,337.7433175385072,82.79888398353472,PFSI
sector,3672,3,17,94.44444444444446,76.66666666666667,5.0,0.17626682854959108,19.002250856503085,82.7842117158212,JBL
sector,3715,1,6,100.0,66.66666666666666,6.5,0.7484252729373192,42.02695763417254,82.7590544447798,WNC
sector,3824,2,12,91.66666666666667,75.0,1.5,0.14745104145023774,46.33670044541406,82.73056923404931,BMI
sector,2430,1,6,83.33333333333334,83.33333333333334,1.0,0.5110115161475549,155.4326694948813,82.50976539817259,FBIN
sector,1520,2,12,91.66666666666667,75.0,4.5,0.4476301693704452,45.496142237268444,82.4855741629359,IBP
sector,2086,1,12,83.33333333333334,83.33333333333334,1.0,0.4580612757905833,139.32697138630243,82.42568227501815,COKE
sector,5900,3,30,94.44444444444446,77.77777777777779,8.0,0.8417148762219018,71.04788487858758,82.41437013342521,FCFS
sector,3714,13,97,91.02564102564104,75.76923076923077,4.0,0.523891619937016,47.73242491243651,82.39736696186544,GNTX
sector,5122,4,24,87.5,83.33333333333334,2.75,0.3323925601892276,40.052952462048836,82.37908627561873,COR
sector,2320,6,42,91.66666666666669,77.77777777777777,3.5,0.5571584610967381,53.866867796600296,82.37330507998412,RL
sector,2330,1,6,83.33333333333334,83.33333333333334,1.0,0.5552005270928457,168.87349365740727,82.35270829114289,JILL
sector,2621,3,18,88.8888888888889,72.22222222222221,5.0,1.0520728128713863,70.41639253076079,82.34511598512961,SLVM
sector,4213,10,106,90.00000000000001,80.0,3.5,0.34735084466193,35.40819620268383,82.28610108780353,LSTR
sector,5080,2,18,91.66666666666667,83.33333333333334,7.0,0.18543012203998632,29.861691764124494,82.25251399181948,WLFC
sector,8111,1,12,83.33333333333334,83.33333333333334,1.0,0.30197509076476065,91.85075677428138,82.17639867884276,CRAI
sector,3690,4,24,87.5,83.33333333333334,3.25,0.6884464739996985,70.91249112812754,82.05677143301276,SPB
sector,2840,4,24,87.5,83.33333333333334,4.5,0.4991488415487221,67.06588286170849,82.0416269746311,CHD
sector,3823,9,76,88.88888888888889,79.62962962962963,3.0,0.18216274290358028,31.075799525638885,82.03110621172428,RAL
sector,5211,2,12,91.66666666666667,75.0,8.0,0.5638873825734744,45.1865995776119,82.01413035784421,HD
sector,6510,1,6,83.33333333333334,83.33333333333334,4.0,1.005194449206317,76.43666124173036,81.87565981730803,INVH
sector,7320,4,24,83.33333333333334,83.33333333333334,1.0,0.19848956435491,46.30861188288082,81.80450686706463,SPGI
sector,5810,3,30,88.8888888888889,83.33333333333333,7.0,1.038434835497488,63.70243290292439,81.79345627663885,CNNE
sector,5200,3,30,88.8888888888889,77.77777777777779,5.0,0.44529837763857966,21.988066213291905,81.76668239324863,FAST
sector,3844,1,12,83.33333333333334,83.33333333333334,1.0,0.04539946323907254,13.809003401884567,81.73943503761214,GEHC
sector,7830,2,12,83.33333333333334,83.33333333333334,2.0,0.38051489393939886,69.87782591540967,81.70920076519526,CNK
sector,7389,18,125,86.11111111111113,78.70370370370371,2.25,0.6435630194708971,87.51090161324716,81.65421220226945,RBA
sector,100,5,34,95.0,75.0,12.5,0.4646358205469251,21.292238040518793,81.63786727912176,ALCO
sector,2090,3,13,81.11111111111111,81.11111111111111,3.0,1.3069252207527056,196.19355791524086,81.5974293586832,JVA
sector,4513,1,6,83.33333333333334,83.33333333333334,4.0,0.5182414861203867,39.40794634040441,81.59075522279885,FDX
sector,5150,4,37,85.57692307692307,81.41025641025641,5.75,0.9417732559254381,61.16721026328824,81.55580630661498,SEB
sector,5013,1,6,83.33333333333334,83.33333333333334,5.0,0.8565503968906767,52.106815810849504,81.51449776936094,GPC
sector,1600,3,17,88.88888888888887,83.33333333333333,3.0,0.25422773636612733,19.25107762121421,81.49877069542345,GVA
sector,1531,6,36,86.11111111111113,83.33333333333333,3.75,0.3755699321267698,51.90589600227866,81.38975905790728,TOL
sector,2082,1,6,83.33333333333334,83.33333333333334,4.0,0.9731569451155156,74.00047603482568,81.38955635661414,TAP
sector,8093,1,6,100.0,66.66666666666666,13.5,0.27987709928803145,7.567047499268999,81.29338036577346,CON
sector,2522,1,6,83.33333333333334,83.33333333333334,5.0,0.8247996100081555,50.175309608829465,81.21920073286256,HNI
sector,3949,4,42,87.5,79.16666666666667,8.0,0.7518258436234702,38.80634869137022,81.14925396876043,CLAR
sector,8742,8,73,82.91666666666667,80.83333333333333,3.5,0.9666693312668919,101.22219794882511,81.13942736404927,PPHC
sector,2834,17,125,85.68627450980392,73.92156862745098,4.5,1.66783030885172,50.55835819115448,81.1255109063821,REGN
sector,2030,3,30,83.33333333333334,77.77777777777779,1.0,0.9552927631599472,227.5274085934941,81.10012914698139,MZTI
sector,6411,12,79,90.27777777777779,90.27777777777779,3.5,0.8988103419936343,51.11272612490723,80.88588034371111,EQH
sector,5030,1,6,83.33333333333334,83.33333333333334,5.0,0.26047105437577983,15.845322474526608,80.82314966226238,BCC
sector,3990,3,16,83.33333333333333,83.33333333333333,1.0,0.6812217102544064,84.25233358008184,80.79620850130426,ODC
sector,3430,2,18,83.33333333333334,75.0,4.5,0.7572653924668893,54.09849246901284,80.75119285904408,MAS
sector,6311,13,73,83.84615384615384,80.0,4.0,0.9531675279156707,97.27754405477897,80.72683298238312,AAME
sector,4210,1,6,83.33333333333334,83.33333333333334,7.0,1.6041802455121807,69.70545114427928,80.70341124219146,UPS
sector,4953,3,17,83.33333333333333,83.33333333333333,4.5,0.2796078600064787,34.974298697420345,80.5860068068341,WCN
sector,6331,36,257,88.11728395061728,82.09876543209879,4.5,0.8631136192751125,61.054923311757946,80.46712199740014,RLI
sector,7359,5,42,86.66666666666667,73.33333333333334,5.5,1.0003207038437467,58.729814426458084,80.45313436305418,MGRC
sector,5731,1,6,83.33333333333334,83.33333333333334,9.0,1.3359532066046962,45.150270408399464,80.43720432467359,BBY
sector,2511,2,18,83.33333333333334,75.0,5.0,1.4849839700342309,113.5173701621475,80.43720292787515,ETD
sector,5130,1,12,83.33333333333334,66.66666666666666,5.0,1.791483815611212,108.98193211634874,80.39356805395485,WEYS
sector,4610,7,53,88.09523809523809,75.71428571428571,14.0,1.703805030392676,88.61843056820624,80.39263814578338,GEL
sector,3550,4,24,83.33333333333334,83.33333333333334,4.5,0.1706317012277666,10.793520511447792,80.34237539031244,NVT
sector,2510,6,44,86.11111111111113,75.0,3.25,0.7643668521175412,60.61683087879356,80.24991186110638,LEG
sector,2040,2,12,83.33333333333333,75.0,2.25,0.950287082510404,128.81975808896283,80.20041486915912,GIS
sector,7370,5,54,83.33333333333333,73.33333333333333,3.0,0.24834123792383717,41.396130769614714,80.19532026841857,HSTM
sector,8700,1,12,83.33333333333334,83.33333333333334,6.0,0.8957651321260086,45.41031572583239,80.18651000972977,PAYX
sector,2421,1,12,83.33333333333334,83.33333333333334,6.0,0.36656792678615396,18.58295739957586,80.17774848505461,UFPI
sector,6500,11,74,84.91978609625667,72.94117647058823,6.0,1.6137253744083373,69.86806639111528,80.11510835758112,MRP
sector,2821,7,42,83.33333333333334,80.95238095238096,5.0,0.7743769292422485,45.63241762600872,80.10601173474608,HXL
sector,2520,1,12,83.33333333333334,83.33333333333334,8.0,1.0125787235613364,38.49908688540498,80.07527452517014,MLKN
sector,2780,2,12,83.33333333333334,75.0,8.0,1.7606738588762132,82.65654152292203,79.84694214452205,ACCO
sector,1311,38,260,84.59899749373433,76.67919799498748,5.0,1.3856590701477964,103.17935516552018,79.75745468901923,OXY
sector,1221,4,32,84.375,76.04166666666666,5.75,1.0187056449673402,35.46242707934573,79.73324270535429,NC
sector,3564,1,6,83.33333333333334,66.66666666666666,3.0,0.36640362506368135,37.1492564300677,79.68068710720763,DCI
sector,3086,1,6,83.33333333333334,83.33333333333334,7.0,0.13252702010300108,5.758614563999451,79.68003068580003,WMS
sector,6282,39,326,85.25641025641026,75.42735042735043,4.5,0.8345820228943378,48.23938416908158,79.6736239794296,BEN
sector,7373,6,66,80.55555555555556,80.55555555555556,3.25,0.5168456826663841,84.74291683957895,79.61417154965311,OSPN
sector,5160,2,18,83.33333333333333,75.0,5.5,0.4323321665271076,32.686741852051945,79.41623901792083,HWKN
sector,3730,3,18,83.33333333333334,77.77777777777779,5.0,0.871683668587569,53.027423172410444,79.35622099685564,HII
sector,4813,7,42,86.10389610389612,78.48484848484848,10.0,1.052843542763518,25.851599629405126,79.33269725800707,VZ
sector,5812,18,136,86.11111111111111,81.48148148148147,5.5,0.8019848683086129,48.35941027970195,79.11759818543447,DIN
sector,5412,1,12,83.33333333333334,66.66666666666666,7.0,0.5914427468099027,25.69959554590649,78.97550623987324,ARKO
sector,7200,4,24,79.16666666666667,79.16666666666667,4.0,0.4450337326460658,30.73934432844879,78.81286572203513,UNF
sector,2531,1,12,83.33333333333334,66.66666666666666,6.0,0.3461759004284864,17.549194952277436,78.71679830115438,VIRC
sector,6111,1,6,83.33333333333334,66.66666666666666,3.0,0.8522994065590087,86.41368983167729,78.67331144680048,AGM
sector,5661,2,12,75.0,75.0,3.0,0.9368498205596616,160.719017907661,78.66826440830334,SCVL
sector,2670,2,18,83.33333333333334,58.33333333333333,2.0,0.8172171661335008,193.8302382891328,78.64687691448171,AVY
sector,3570,3,18,77.77777777777779,72.22222222222221,4.5,0.8075276727533084,94.89273471669863,78.60972955650551,HPE
sector,3713,1,6,83.33333333333334,66.66666666666666,4.0,0.4691699128338002,35.6764621217369,78.38501566103027,MLR
sector,2860,7,42,78.57142857142857,73.80952380952382,4.0,1.0538828668919684,61.16740756978353,78.27913054808114,FF
sector,5944,1,4,100.0,50.0,25.0,0.4473627935161647,6.531496785336004,78.26541608301208,SIG
sector,6531,4,33,79.16666666666666,70.83333333333333,5.75,0.7070416358822856,107.5310350554399,78.24944605757489,AGNT
sector,6036,15,137,82.53968253968254,78.09523809523809,3.0,1.0144346566768536,59.83234887647751,78.09548568739145,HFWA
sector,3537,2,12,75.0,75.0,3.5,0.6421670944164415,45.99989165856864,77.66827099134855,TEX
sector,3231,1,12,83.33333333333334,50.0,7.0,0.646191755909195,28.078570346054306,77.65709158034637,APOG
sector,6399,1,6,83.33333333333334,66.66666666666666,6.0,0.3780431761193361,19.16468878938301,77.44321168071271,AIZ
sector,2400,2,12,83.33333333333333,66.66666666666667,5.25,0.29431058364795076,16.77203420852206,77.42621247728198,KOP
sector,5411,6,48,83.33333333333333,66.66666666666667,6.75,0.5151831311883134,45.93091842848941,76.80424839730205,KR
sector,2211,1,12,83.33333333333334,66.66666666666666,14.0,2.615787376502526,56.83109478710847,76.68187665472297,CRWS
sector,3411,3,18,77.77777777777777,72.22222222222221,9.5,0.3725646673396051,13.341613883056823,76.60818978474808,CCK
sector,8062,2,12,75.0,66.66666666666666,3.75,0.14510712992559138,10.683180729490097,76.23766020289219,HCA
sector,2052,1,12,83.33333333333334,66.66666666666666,17.0,0.8144165555213133,14.57166876300389,76.01078319218703,JJSF
sector,6513,1,6,66.66666666666666,66.66666666666666,2.0,1.2232126471987674,148.82420540918335,75.45000756644187,NEN
sector,Europe,19,66,82.40454076367388,73.32301341589266,6.0,0.8648525246726446,42.10828307470674,75.43042573733452,0P000026O3.L
sector,2820,2,12,75.0,66.66666666666666,5.5,0.8270134851750033,27.22089546187249,75.37135103412085,CE
sector,5140,2,18,75.0,66.66666666666666,7.0,0.5726038155303559,36.158777506941995,75.1709025208439,SYY
sector,3559,2,18,66.66666666666666,66.66666666666666,9.0,2.674133719510391,51.958737021550824,74.7525690357476,LRCX
sector,3060,1,6,83.33333333333334,50.0,12.0,0.2941380962055234,7.455583688542781,74.51928515734211,CSL
sector,2842,1,6,66.66666666666666,66.66666666666666,4.0,1.0013517955530948,60.91556756281326,74.30574610551311,CLX
sector,5084,3,14,83.33333333333333,72.22222222222221,9.5,0.9559224125588918,139.50549450040964,74.25560220966429,MSM
sector,1040,1,6,66.66666666666666,66.66666666666666,1.5,0.3520591229366605,57.11181327639158,74.24822428140556,NEM
sector,3845,2,9,83.33333333333333,66.66666666666666,18.0,0.5804273073810823,33.82254656252786,74.08183779414641,MDT
sector,5172,2,11,83.33333333333333,56.666666666666664,18.25,1.5506201950444713,22.42551226759388,74.0691922340594,WKC
sector,3751,1,6,66.66666666666666,66.66666666666666,4.0,0.7697233914516911,46.82483964664454,74.01519656613122,HOG
sector,2221,1,6,66.66666666666666,66.66666666666666,4.5,0.4499118778005471,24.32856820699254,73.72491187780054,AIN
sector,3630,2,11,71.66666666666667,63.33333333333333,10.0,0.9907127716326476,23.299591844238943,73.279880495361,AOS
sector,2844,6,42,72.22222222222223,66.66666666666667,4.25,1.0976597550211686,78.63147513559089,73.13795575761023,CL
sector,5090,1,12,83.33333333333334,66.66666666666666,23.0,0.4928850762880566,6.518226552360169,72.65777226882453,POOL
sector,5141,1,7,71.42857142857143,57.14285714285714,3.0,0.1639962749578822,14.252057228482618,72.17483262391526,DIT
sector,3480,3,19,80.3030303030303,68.18181818181817,5.5,0.8182106380195459,31.717895497277443,71.59275832836187,RGR
sector,2761,1,6,66.66666666666666,50.0,9.0,1.2943329220643056,34.994927152109,71.528993966832,EBF
sector,3944,2,24,75.0,58.33333333333333,16.5,1.0504093091153999,17.817153112572434,71.45305316927514,JAKK
sector,4841,2,25,64.74358974358975,64.74358974358975,10.0,0.6786642956993268,17.36380759479809,71.07507201280605,ADEA
sector,0,49,679,66.15960430652096,55.775972840719795,10.0,2.4367577122101824,72.67682531171019,70.86852939511304,PFX
sector,6159,1,6,66.66666666666666,50.0,11.0,1.4268150051199795,31.56287738598742,70.7050387974575,NRUC
sector,4900,1,12,83.33333333333334,50.0,26.0,0.5538759397954155,6.47963839824765,70.68835296865619,MGEE
sector,3360,1,12,66.66666666666666,50.0,4.5,1.0184856295800098,55.073667377289404,70.57016280188573,MATW
sector,7311,1,6,66.66666666666666,50.0,4.5,0.952660135445755,51.514214731511196,70.04223252391633,OMC
sector,2611,1,4,50.0,50.0,2.0,1.6375616403625328,149.42749968308112,68.53756164036254,MERC
sector,4832,3,30,61.11111111111111,50.0,17.0,1.9767351075631752,69.4378112015589,68.44593846255566,SIRI
sector,5945,1,6,50.0,50.0,2.0,0.5010295670455881,45.718947992909904,67.0041668703859,BBW
sector,7374,11,72,65.60606060606061,57.72727272727273,3.0,4.436523901930553,63.952843148319566,64.00112751867798,PEGA
sector,3663,4,26,62.50000000000001,54.166666666666664,3.0,13.03868001502293,38.477826107855954,61.800700270750426,MSI
sector,3021,1,6,33.33333333333333,33.33333333333333,3.0,0.6435642658959786,26.100106339114685,59.74356426589597,NKE
sector,4812,3,27,50.0,50.0,3.0,8.476272694368205,118.87768816334267,55.210068222913,TMUS
sector,3100,2,10,50.0,33.33333333333333,5.5,13.205494491196509,23.782525448249384,47.35818741893152,TPR
sector,1700,2,8,41.66666666666667,41.66666666666667,1.0,5.790309998000654,54.175745284460874,45.51823562639575,AGX
sector,2015,2,10,41.66666666666667,41.66666666666667,1.0,4.373141443760426,259.44441896912065,45.40605940443543,TSN
sector,5190,1,12,16.666666666666664,0.0,70.0,3.790356976980687,3.294000706185597,35.29035697698069,NHTC
sector,3661,1,2,0.0,0.0,,0.7722007977909368,,0.7722007977909368,FKWL
speed_cluster,Muy rapida,1729,14998,90.20645750863932,85.10487923557197,4.0,0.7019785354839202,76.12455909427287,83.61665025985785,BRLT
speed_cluster,Rapida,585,5447,82.72436984791116,71.26300627227435,11.5,1.1217188804196818,27.672389146463583,77.13282463305266,GREEL
speed_cluster,Media,140,1088,74.72126801278723,38.8038155453569,29.0,1.6105104842375075,13.305873997460568,66.48359310980925,ARHS
speed_cluster,Lenta,9,56,45.37037037037037,3.7037037037037033,74.0,2.6312345125870844,5.031151727688806,42.096660889020285,SJCP
speed_cluster,Sin recuperacion,18,43,0.0,0.0,,12.471944507772498,,6.464637874401645,BBCP
stability_cluster,Muy estable,809,5872,89.49055280235223,89.02701757367485,3.0,0.7401926482203779,74.8739142775682,84.3513492741574,BRLT
stability_cluster,Estable,849,7996,88.08679556461865,83.4934700133892,5.5,0.8630628831636249,56.85337308799049,81.96197411381497,SOGP
stability_cluster,Variable,734,7433,87.01486354161995,66.11176702668288,7.25,0.862189790703044,46.67248284855541,78.36313289236469,SND
stability_cluster,Muy variable,36,193,76.83080808080808,47.348484848484844,19.25,1.7761292912001736,54.665141252026224,67.3369759192751,PRK
stability_cluster,Sin datos,53,138,26.635220125786162,21.918238993710688,6.0,5.947732289966185,132.82157576295566,32.6452625138097,KBAB
